Pno01G004968.t1	6e0d5ef9f99ec02cfcbc97891a988021	915	PRINTS	PR00364	Disease resistance protein signature	368	382	1.4E-18	T	09-04-2022	-	-
Pno01G004968.t1	6e0d5ef9f99ec02cfcbc97891a988021	915	PRINTS	PR00364	Disease resistance protein signature	620	636	1.4E-18	T	09-04-2022	-	-
Pno01G004968.t1	6e0d5ef9f99ec02cfcbc97891a988021	915	PRINTS	PR00364	Disease resistance protein signature	190	205	1.4E-18	T	09-04-2022	-	-
Pno01G004968.t1	6e0d5ef9f99ec02cfcbc97891a988021	915	PRINTS	PR00364	Disease resistance protein signature	271	285	1.4E-18	T	09-04-2022	-	-
Pno01G004968.t1	6e0d5ef9f99ec02cfcbc97891a988021	915	PANTHER	PTHR23155:SF931	OS01G0547000 PROTEIN	16	901	4.3E-192	T	09-04-2022	-	-
Pno01G004968.t1	6e0d5ef9f99ec02cfcbc97891a988021	915	PANTHER	PTHR23155	DISEASE RESISTANCE PROTEIN RP	16	901	4.3E-192	T	09-04-2022	IPR044974	Disease resistance protein, plants
Pno01G004968.t1	6e0d5ef9f99ec02cfcbc97891a988021	915	Gene3D	G3DSA:1.10.8.430	-	331	419	3.5E-15	T	09-04-2022	IPR042197	Apoptotic protease-activating factors, helical domain
Pno01G004968.t1	6e0d5ef9f99ec02cfcbc97891a988021	915	SUPERFAMILY	SSF52540	P-loop containing nucleoside triphosphate hydrolases	158	434	7.16E-69	T	09-04-2022	IPR027417	P-loop containing nucleoside triphosphate hydrolase
Pno01G004968.t1	6e0d5ef9f99ec02cfcbc97891a988021	915	Gene3D	G3DSA:3.40.50.300	-	154	321	4.3E-38	T	09-04-2022	IPR027417	P-loop containing nucleoside triphosphate hydrolase
Pno01G004968.t1	6e0d5ef9f99ec02cfcbc97891a988021	915	Gene3D	G3DSA:1.10.10.10	-	420	509	1.1E-17	T	09-04-2022	IPR036388	Winged helix-like DNA-binding domain superfamily
Pno01G004968.t1	6e0d5ef9f99ec02cfcbc97891a988021	915	Pfam	PF13855	Leucine rich repeat	579	634	8.7E-7	T	09-04-2022	IPR001611	Leucine-rich repeat
Pno01G004968.t1	6e0d5ef9f99ec02cfcbc97891a988021	915	CDD	cd14798	RX-CC_like	2	128	4.8752E-39	T	09-04-2022	IPR038005	Virus X resistance protein-like, coiled-coil domain
Pno01G004968.t1	6e0d5ef9f99ec02cfcbc97891a988021	915	Gene3D	G3DSA:1.20.5.4130	-	4	113	4.7E-27	T	09-04-2022	-	-
Pno01G004968.t1	6e0d5ef9f99ec02cfcbc97891a988021	915	Pfam	PF18052	Rx N-terminal domain	5	93	5.3E-23	T	09-04-2022	IPR041118	Rx, N-terminal
Pno01G004968.t1	6e0d5ef9f99ec02cfcbc97891a988021	915	Pfam	PF00931	NB-ARC domain	171	421	3.6E-58	T	09-04-2022	IPR002182	NB-ARC
Pno01G004968.t1	6e0d5ef9f99ec02cfcbc97891a988021	915	Gene3D	G3DSA:3.80.10.10	Ribonuclease Inhibitor	539	911	2.0E-40	T	09-04-2022	IPR032675	Leucine-rich repeat domain superfamily
Pno01G004968.t1	6e0d5ef9f99ec02cfcbc97891a988021	915	SUPERFAMILY	SSF52058	L domain-like	498	889	5.27E-43	T	09-04-2022	-	-
Pno11G004623.t1	f57d8df5e610d646cd170c1e550e2f70	1312	SUPERFAMILY	SSF52058	L domain-like	521	920	4.76E-46	T	09-04-2022	-	-
Pno11G004623.t1	f57d8df5e610d646cd170c1e550e2f70	1312	Gene3D	G3DSA:3.40.50.300	-	213	375	1.1E-28	T	09-04-2022	IPR027417	P-loop containing nucleoside triphosphate hydrolase
Pno11G004623.t1	f57d8df5e610d646cd170c1e550e2f70	1312	Gene3D	G3DSA:1.10.8.430	-	383	466	3.7E-11	T	09-04-2022	IPR042197	Apoptotic protease-activating factors, helical domain
Pno11G004623.t1	f57d8df5e610d646cd170c1e550e2f70	1312	SMART	SM00338	brlzneu	1216	1280	3.7E-13	T	09-04-2022	IPR004827	Basic-leucine zipper domain
Pno11G004623.t1	f57d8df5e610d646cd170c1e550e2f70	1312	Gene3D	G3DSA:3.40.50.10140	-	50	212	5.5E-61	T	09-04-2022	IPR035897	Toll/interleukin-1 receptor homology (TIR) domain superfamily
Pno11G004623.t1	f57d8df5e610d646cd170c1e550e2f70	1312	Pfam	PF00931	NB-ARC domain	227	450	7.3E-25	T	09-04-2022	IPR002182	NB-ARC
Pno11G004623.t1	f57d8df5e610d646cd170c1e550e2f70	1312	Pfam	PF13855	Leucine rich repeat	828	881	3.5E-8	T	09-04-2022	IPR001611	Leucine-rich repeat
Pno11G004623.t1	f57d8df5e610d646cd170c1e550e2f70	1312	PRINTS	PR00364	Disease resistance protein signature	246	261	9.5E-20	T	09-04-2022	-	-
Pno11G004623.t1	f57d8df5e610d646cd170c1e550e2f70	1312	PRINTS	PR00364	Disease resistance protein signature	417	431	9.5E-20	T	09-04-2022	-	-
Pno11G004623.t1	f57d8df5e610d646cd170c1e550e2f70	1312	PRINTS	PR00364	Disease resistance protein signature	824	840	9.5E-20	T	09-04-2022	-	-
Pno11G004623.t1	f57d8df5e610d646cd170c1e550e2f70	1312	PRINTS	PR00364	Disease resistance protein signature	324	338	9.5E-20	T	09-04-2022	-	-
Pno11G004623.t1	f57d8df5e610d646cd170c1e550e2f70	1312	Pfam	PF01582	TIR domain	51	226	5.5E-42	T	09-04-2022	IPR000157	Toll/interleukin-1 receptor homology (TIR) domain
Pno11G004623.t1	f57d8df5e610d646cd170c1e550e2f70	1312	Pfam	PF00170	bZIP transcription factor	1220	1269	2.7E-10	T	09-04-2022	IPR004827	Basic-leucine zipper domain
Pno11G004623.t1	f57d8df5e610d646cd170c1e550e2f70	1312	Gene3D	G3DSA:1.20.5.170	-	1218	1271	2.2E-12	T	09-04-2022	-	-
Pno11G004623.t1	f57d8df5e610d646cd170c1e550e2f70	1312	SMART	SM00369	LRR_typ_2	753	775	120.0	T	09-04-2022	IPR003591	Leucine-rich repeat, typical subtype
Pno11G004623.t1	f57d8df5e610d646cd170c1e550e2f70	1312	SMART	SM00369	LRR_typ_2	776	799	49.0	T	09-04-2022	IPR003591	Leucine-rich repeat, typical subtype
Pno11G004623.t1	f57d8df5e610d646cd170c1e550e2f70	1312	SMART	SM00369	LRR_typ_2	849	872	0.23	T	09-04-2022	IPR003591	Leucine-rich repeat, typical subtype
Pno11G004623.t1	f57d8df5e610d646cd170c1e550e2f70	1312	SMART	SM00369	LRR_typ_2	826	848	16.0	T	09-04-2022	IPR003591	Leucine-rich repeat, typical subtype
Pno11G004623.t1	f57d8df5e610d646cd170c1e550e2f70	1312	CDD	cd14702	bZIP_plant_GBF1	1221	1271	5.4178E-22	T	09-04-2022	IPR045314	G-box binding factor 1-like, bZIP domain, plant
Pno11G004623.t1	f57d8df5e610d646cd170c1e550e2f70	1312	ProSiteProfiles	PS50104	TIR domain profile.	44	211	31.503014	T	09-04-2022	IPR000157	Toll/interleukin-1 receptor homology (TIR) domain
Pno11G004623.t1	f57d8df5e610d646cd170c1e550e2f70	1312	SUPERFAMILY	SSF52200	Toll/Interleukin receptor TIR domain	50	187	2.22E-37	T	09-04-2022	IPR035897	Toll/interleukin-1 receptor homology (TIR) domain superfamily
Pno11G004623.t1	f57d8df5e610d646cd170c1e550e2f70	1312	PANTHER	PTHR11017	LEUCINE-RICH REPEAT-CONTAINING PROTEIN	38	931	1.3E-166	T	09-04-2022	IPR044974	Disease resistance protein, plants
Pno11G004623.t1	f57d8df5e610d646cd170c1e550e2f70	1312	ProSitePatterns	PS00036	Basic-leucine zipper (bZIP) domain signature.	1223	1238	-	T	09-04-2022	IPR004827	Basic-leucine zipper domain
Pno11G004623.t1	f57d8df5e610d646cd170c1e550e2f70	1312	Coils	Coil	Coil	1250	1270	-	T	09-04-2022	-	-
Pno11G004623.t1	f57d8df5e610d646cd170c1e550e2f70	1312	PANTHER	PTHR11017:SF243	RESISTANCE PROTEIN (TIR-NBS-LRR CLASS), PUTATIVE-RELATED	38	931	1.3E-166	T	09-04-2022	-	-
Pno11G004623.t1	f57d8df5e610d646cd170c1e550e2f70	1312	SUPERFAMILY	SSF52540	P-loop containing nucleoside triphosphate hydrolases	206	476	6.95E-56	T	09-04-2022	IPR027417	P-loop containing nucleoside triphosphate hydrolase
Pno11G004623.t1	f57d8df5e610d646cd170c1e550e2f70	1312	SUPERFAMILY	SSF57959	Leucine zipper domain	1220	1267	1.31E-10	T	09-04-2022	IPR046347	Basic-leucine zipper domain superfamily
Pno11G004623.t1	f57d8df5e610d646cd170c1e550e2f70	1312	Coils	Coil	Coil	1278	1298	-	T	09-04-2022	-	-
Pno11G004623.t1	f57d8df5e610d646cd170c1e550e2f70	1312	ProSiteProfiles	PS50217	Basic-leucine zipper (bZIP) domain profile.	1218	1270	10.438311	T	09-04-2022	IPR004827	Basic-leucine zipper domain
Pno11G004623.t1	f57d8df5e610d646cd170c1e550e2f70	1312	SMART	SM00255	till_3	50	185	5.1E-36	T	09-04-2022	IPR000157	Toll/interleukin-1 receptor homology (TIR) domain
Pno11G004623.t1	f57d8df5e610d646cd170c1e550e2f70	1312	Gene3D	G3DSA:3.80.10.10	Ribonuclease Inhibitor	566	906	1.6E-48	T	09-04-2022	IPR032675	Leucine-rich repeat domain superfamily
Pno11G001045.t1	aa3a5c68525b55b00803ac76ff1aa82e	1129	Pfam	PF00931	NB-ARC domain	273	505	1.0E-49	T	09-04-2022	IPR002182	NB-ARC
Pno11G001045.t1	aa3a5c68525b55b00803ac76ff1aa82e	1129	PANTHER	PTHR33463:SF60	-	168	1086	1.4E-185	T	09-04-2022	-	-
Pno11G001045.t1	aa3a5c68525b55b00803ac76ff1aa82e	1129	PRINTS	PR00364	Disease resistance protein signature	289	304	2.7E-20	T	09-04-2022	-	-
Pno11G001045.t1	aa3a5c68525b55b00803ac76ff1aa82e	1129	PRINTS	PR00364	Disease resistance protein signature	452	466	2.7E-20	T	09-04-2022	-	-
Pno11G001045.t1	aa3a5c68525b55b00803ac76ff1aa82e	1129	PRINTS	PR00364	Disease resistance protein signature	360	374	2.7E-20	T	09-04-2022	-	-
Pno11G001045.t1	aa3a5c68525b55b00803ac76ff1aa82e	1129	PRINTS	PR00364	Disease resistance protein signature	712	728	2.7E-20	T	09-04-2022	-	-
Pno11G001045.t1	aa3a5c68525b55b00803ac76ff1aa82e	1129	SMART	SM00369	LRR_typ_2	691	714	0.33	T	09-04-2022	IPR003591	Leucine-rich repeat, typical subtype
Pno11G001045.t1	aa3a5c68525b55b00803ac76ff1aa82e	1129	SMART	SM00369	LRR_typ_2	666	690	110.0	T	09-04-2022	IPR003591	Leucine-rich repeat, typical subtype
Pno11G001045.t1	aa3a5c68525b55b00803ac76ff1aa82e	1129	SMART	SM00369	LRR_typ_2	738	760	150.0	T	09-04-2022	IPR003591	Leucine-rich repeat, typical subtype
Pno11G001045.t1	aa3a5c68525b55b00803ac76ff1aa82e	1129	Gene3D	G3DSA:1.10.8.430	-	419	503	2.8E-14	T	09-04-2022	IPR042197	Apoptotic protease-activating factors, helical domain
Pno11G001045.t1	aa3a5c68525b55b00803ac76ff1aa82e	1129	PANTHER	PTHR33463	-	168	1086	1.4E-185	T	09-04-2022	-	-
Pno11G001045.t1	aa3a5c68525b55b00803ac76ff1aa82e	1129	Gene3D	G3DSA:3.80.10.10	Ribonuclease Inhibitor	632	861	1.4E-25	T	09-04-2022	IPR032675	Leucine-rich repeat domain superfamily
Pno11G001045.t1	aa3a5c68525b55b00803ac76ff1aa82e	1129	SUPERFAMILY	SSF52058	L domain-like	568	1086	1.68E-31	T	09-04-2022	-	-
Pno11G001045.t1	aa3a5c68525b55b00803ac76ff1aa82e	1129	SUPERFAMILY	SSF52540	P-loop containing nucleoside triphosphate hydrolases	270	519	1.0E-46	T	09-04-2022	IPR027417	P-loop containing nucleoside triphosphate hydrolase
Pno11G001045.t1	aa3a5c68525b55b00803ac76ff1aa82e	1129	Gene3D	G3DSA:3.40.50.300	-	255	415	3.8E-30	T	09-04-2022	IPR027417	P-loop containing nucleoside triphosphate hydrolase
Pno11G001045.t1	aa3a5c68525b55b00803ac76ff1aa82e	1129	Gene3D	G3DSA:1.10.10.10	-	504	588	4.3E-9	T	09-04-2022	IPR036388	Winged helix-like DNA-binding domain superfamily
Pno11G001045.t1	aa3a5c68525b55b00803ac76ff1aa82e	1129	Gene3D	G3DSA:3.80.10.10	Ribonuclease Inhibitor	921	1100	4.2E-11	T	09-04-2022	IPR032675	Leucine-rich repeat domain superfamily
Pno11G001045.t1	aa3a5c68525b55b00803ac76ff1aa82e	1129	Pfam	PF13855	Leucine rich repeat	667	725	2.1E-9	T	09-04-2022	IPR001611	Leucine-rich repeat
Pno07G002957.t1	86a384f18b755d04a024ad175d7ca364	1136	Pfam	PF01582	TIR domain	18	141	1.6E-41	T	09-04-2022	IPR000157	Toll/interleukin-1 receptor homology (TIR) domain
Pno07G002957.t1	86a384f18b755d04a024ad175d7ca364	1136	PRINTS	PR00364	Disease resistance protein signature	337	351	1.2E-15	T	09-04-2022	-	-
Pno07G002957.t1	86a384f18b755d04a024ad175d7ca364	1136	PRINTS	PR00364	Disease resistance protein signature	204	219	1.2E-15	T	09-04-2022	-	-
Pno07G002957.t1	86a384f18b755d04a024ad175d7ca364	1136	PRINTS	PR00364	Disease resistance protein signature	692	708	1.2E-15	T	09-04-2022	-	-
Pno07G002957.t1	86a384f18b755d04a024ad175d7ca364	1136	SUPERFAMILY	SSF52200	Toll/Interleukin receptor TIR domain	9	154	1.96E-40	T	09-04-2022	IPR035897	Toll/interleukin-1 receptor homology (TIR) domain superfamily
Pno07G002957.t1	86a384f18b755d04a024ad175d7ca364	1136	Gene3D	G3DSA:3.40.50.10140	-	2	148	5.0E-50	T	09-04-2022	IPR035897	Toll/interleukin-1 receptor homology (TIR) domain superfamily
Pno07G002957.t1	86a384f18b755d04a024ad175d7ca364	1136	ProSiteProfiles	PS51450	Leucine-rich repeat profile.	775	796	7.165205	T	09-04-2022	IPR001611	Leucine-rich repeat
Pno07G002957.t1	86a384f18b755d04a024ad175d7ca364	1136	SMART	SM00255	till_3	17	163	5.1E-42	T	09-04-2022	IPR000157	Toll/interleukin-1 receptor homology (TIR) domain
Pno07G002957.t1	86a384f18b755d04a024ad175d7ca364	1136	Pfam	PF13855	Leucine rich repeat	751	809	1.6E-6	T	09-04-2022	IPR001611	Leucine-rich repeat
Pno07G002957.t1	86a384f18b755d04a024ad175d7ca364	1136	Gene3D	G3DSA:3.80.10.10	Ribonuclease Inhibitor	737	859	6.4E-12	T	09-04-2022	IPR032675	Leucine-rich repeat domain superfamily
Pno07G002957.t1	86a384f18b755d04a024ad175d7ca364	1136	Gene3D	G3DSA:3.80.10.10	Ribonuclease Inhibitor	546	733	6.7E-25	T	09-04-2022	IPR032675	Leucine-rich repeat domain superfamily
Pno07G002957.t1	86a384f18b755d04a024ad175d7ca364	1136	SUPERFAMILY	SSF46785	"Winged helix" DNA-binding domain	373	480	3.26E-7	T	09-04-2022	IPR036390	Winged helix DNA-binding domain superfamily
Pno07G002957.t1	86a384f18b755d04a024ad175d7ca364	1136	Pfam	PF00931	NB-ARC domain	195	301	4.2E-10	T	09-04-2022	IPR002182	NB-ARC
Pno07G002957.t1	86a384f18b755d04a024ad175d7ca364	1136	ProSiteProfiles	PS50104	TIR domain profile.	16	173	33.163269	T	09-04-2022	IPR000157	Toll/interleukin-1 receptor homology (TIR) domain
Pno07G002957.t1	86a384f18b755d04a024ad175d7ca364	1136	SUPERFAMILY	SSF52540	P-loop containing nucleoside triphosphate hydrolases	166	397	5.93E-41	T	09-04-2022	IPR027417	P-loop containing nucleoside triphosphate hydrolase
Pno07G002957.t1	86a384f18b755d04a024ad175d7ca364	1136	Gene3D	G3DSA:3.40.50.300	-	164	315	2.2E-21	T	09-04-2022	IPR027417	P-loop containing nucleoside triphosphate hydrolase
Pno07G002957.t1	86a384f18b755d04a024ad175d7ca364	1136	PANTHER	PTHR11017:SF303	TOLL/INTERLEUKIN-1 RECEPTOR (TIR) DOMAIN-CONTAINING PROTEIN-RELATED	16	304	5.0E-185	T	09-04-2022	-	-
Pno07G002957.t1	86a384f18b755d04a024ad175d7ca364	1136	PANTHER	PTHR11017:SF303	TOLL/INTERLEUKIN-1 RECEPTOR (TIR) DOMAIN-CONTAINING PROTEIN-RELATED	328	1031	5.0E-185	T	09-04-2022	-	-
Pno07G002957.t1	86a384f18b755d04a024ad175d7ca364	1136	MobiDBLite	mobidb-lite	consensus disorder prediction	1056	1076	-	T	09-04-2022	-	-
Pno07G002957.t1	86a384f18b755d04a024ad175d7ca364	1136	PANTHER	PTHR11017	LEUCINE-RICH REPEAT-CONTAINING PROTEIN	16	304	5.0E-185	T	09-04-2022	IPR044974	Disease resistance protein, plants
Pno07G002957.t1	86a384f18b755d04a024ad175d7ca364	1136	PANTHER	PTHR11017	LEUCINE-RICH REPEAT-CONTAINING PROTEIN	328	1031	5.0E-185	T	09-04-2022	IPR044974	Disease resistance protein, plants
Pno07G002957.t1	86a384f18b755d04a024ad175d7ca364	1136	Gene3D	G3DSA:1.10.8.430	-	316	386	8.8E-10	T	09-04-2022	IPR042197	Apoptotic protease-activating factors, helical domain
Pno07G002957.t1	86a384f18b755d04a024ad175d7ca364	1136	SUPERFAMILY	SSF52058	L domain-like	555	864	3.63E-33	T	09-04-2022	-	-
Pno07G002937.t1	fbe66486e78bbb52c37895395f15a0ce	1191	Gene3D	G3DSA:3.80.10.10	Ribonuclease Inhibitor	593	782	3.2E-24	T	09-04-2022	IPR032675	Leucine-rich repeat domain superfamily
Pno07G002937.t1	fbe66486e78bbb52c37895395f15a0ce	1191	Gene3D	G3DSA:3.80.10.10	Ribonuclease Inhibitor	789	928	1.1E-14	T	09-04-2022	IPR032675	Leucine-rich repeat domain superfamily
Pno07G002937.t1	fbe66486e78bbb52c37895395f15a0ce	1191	ProSiteProfiles	PS50104	TIR domain profile.	16	194	38.724327	T	09-04-2022	IPR000157	Toll/interleukin-1 receptor homology (TIR) domain
Pno07G002937.t1	fbe66486e78bbb52c37895395f15a0ce	1191	SUPERFAMILY	SSF52058	L domain-like	596	920	1.47E-32	T	09-04-2022	-	-
Pno07G002937.t1	fbe66486e78bbb52c37895395f15a0ce	1191	SUPERFAMILY	SSF46785	"Winged helix" DNA-binding domain	434	539	1.06E-8	T	09-04-2022	IPR036390	Winged helix DNA-binding domain superfamily
Pno07G002937.t1	fbe66486e78bbb52c37895395f15a0ce	1191	PANTHER	PTHR11017:SF303	TOLL/INTERLEUKIN-1 RECEPTOR (TIR) DOMAIN-CONTAINING PROTEIN-RELATED	13	1092	1.3E-213	T	09-04-2022	-	-
Pno07G002937.t1	fbe66486e78bbb52c37895395f15a0ce	1191	Pfam	PF13855	Leucine rich repeat	825	862	7.6E-7	T	09-04-2022	IPR001611	Leucine-rich repeat
Pno07G002937.t1	fbe66486e78bbb52c37895395f15a0ce	1191	Gene3D	G3DSA:3.40.50.300	-	192	358	3.4E-30	T	09-04-2022	IPR027417	P-loop containing nucleoside triphosphate hydrolase
Pno07G002937.t1	fbe66486e78bbb52c37895395f15a0ce	1191	ProSiteProfiles	PS51450	Leucine-rich repeat profile.	830	851	7.33462	T	09-04-2022	IPR001611	Leucine-rich repeat
Pno07G002937.t1	fbe66486e78bbb52c37895395f15a0ce	1191	SMART	SM00255	till_3	17	166	2.5E-42	T	09-04-2022	IPR000157	Toll/interleukin-1 receptor homology (TIR) domain
Pno07G002937.t1	fbe66486e78bbb52c37895395f15a0ce	1191	MobiDBLite	mobidb-lite	consensus disorder prediction	1097	1123	-	T	09-04-2022	-	-
Pno07G002937.t1	fbe66486e78bbb52c37895395f15a0ce	1191	PRINTS	PR00364	Disease resistance protein signature	398	412	6.6E-20	T	09-04-2022	-	-
Pno07G002937.t1	fbe66486e78bbb52c37895395f15a0ce	1191	PRINTS	PR00364	Disease resistance protein signature	723	739	6.6E-20	T	09-04-2022	-	-
Pno07G002937.t1	fbe66486e78bbb52c37895395f15a0ce	1191	PRINTS	PR00364	Disease resistance protein signature	228	243	6.6E-20	T	09-04-2022	-	-
Pno07G002937.t1	fbe66486e78bbb52c37895395f15a0ce	1191	PRINTS	PR00364	Disease resistance protein signature	305	319	6.6E-20	T	09-04-2022	-	-
Pno07G002937.t1	fbe66486e78bbb52c37895395f15a0ce	1191	Pfam	PF00931	NB-ARC domain	213	433	3.4E-30	T	09-04-2022	IPR002182	NB-ARC
Pno07G002937.t1	fbe66486e78bbb52c37895395f15a0ce	1191	Pfam	PF01582	TIR domain	18	198	2.4E-45	T	09-04-2022	IPR000157	Toll/interleukin-1 receptor homology (TIR) domain
Pno07G002937.t1	fbe66486e78bbb52c37895395f15a0ce	1191	PANTHER	PTHR11017	LEUCINE-RICH REPEAT-CONTAINING PROTEIN	13	1092	1.3E-213	T	09-04-2022	IPR044974	Disease resistance protein, plants
Pno07G002937.t1	fbe66486e78bbb52c37895395f15a0ce	1191	MobiDBLite	mobidb-lite	consensus disorder prediction	1097	1116	-	T	09-04-2022	-	-
Pno07G002937.t1	fbe66486e78bbb52c37895395f15a0ce	1191	SUPERFAMILY	SSF52200	Toll/Interleukin receptor TIR domain	10	168	6.54E-42	T	09-04-2022	IPR035897	Toll/interleukin-1 receptor homology (TIR) domain superfamily
Pno07G002937.t1	fbe66486e78bbb52c37895395f15a0ce	1191	SUPERFAMILY	SSF52540	P-loop containing nucleoside triphosphate hydrolases	194	450	7.46E-59	T	09-04-2022	IPR027417	P-loop containing nucleoside triphosphate hydrolase
Pno07G002937.t1	fbe66486e78bbb52c37895395f15a0ce	1191	Gene3D	G3DSA:3.40.50.10140	-	15	191	1.4E-67	T	09-04-2022	IPR035897	Toll/interleukin-1 receptor homology (TIR) domain superfamily
Pno07G002937.t1	fbe66486e78bbb52c37895395f15a0ce	1191	Gene3D	G3DSA:1.10.8.430	-	363	447	5.2E-15	T	09-04-2022	IPR042197	Apoptotic protease-activating factors, helical domain
Pno07G002961.t1	b84f3d13b6839b299c36ff939ef68b0e	1173	PANTHER	PTHR11017	LEUCINE-RICH REPEAT-CONTAINING PROTEIN	16	986	1.9E-218	T	09-04-2022	IPR044974	Disease resistance protein, plants
Pno07G002961.t1	b84f3d13b6839b299c36ff939ef68b0e	1173	SUPERFAMILY	SSF46785	"Winged helix" DNA-binding domain	432	538	1.77E-7	T	09-04-2022	IPR036390	Winged helix DNA-binding domain superfamily
Pno07G002961.t1	b84f3d13b6839b299c36ff939ef68b0e	1173	SMART	SM00255	till_3	17	166	5.0E-45	T	09-04-2022	IPR000157	Toll/interleukin-1 receptor homology (TIR) domain
Pno07G002961.t1	b84f3d13b6839b299c36ff939ef68b0e	1173	Pfam	PF13855	Leucine rich repeat	806	864	4.8E-7	T	09-04-2022	IPR001611	Leucine-rich repeat
Pno07G002961.t1	b84f3d13b6839b299c36ff939ef68b0e	1173	ProSiteProfiles	PS51450	Leucine-rich repeat profile.	830	851	7.234511	T	09-04-2022	IPR001611	Leucine-rich repeat
Pno07G002961.t1	b84f3d13b6839b299c36ff939ef68b0e	1173	Coils	Coil	Coil	128	148	-	T	09-04-2022	-	-
Pno07G002961.t1	b84f3d13b6839b299c36ff939ef68b0e	1173	PANTHER	PTHR11017:SF303	TOLL/INTERLEUKIN-1 RECEPTOR (TIR) DOMAIN-CONTAINING PROTEIN-RELATED	16	986	1.9E-218	T	09-04-2022	-	-
Pno07G002961.t1	b84f3d13b6839b299c36ff939ef68b0e	1173	Gene3D	G3DSA:1.10.8.430	-	360	444	3.3E-15	T	09-04-2022	IPR042197	Apoptotic protease-activating factors, helical domain
Pno07G002961.t1	b84f3d13b6839b299c36ff939ef68b0e	1173	PRINTS	PR00364	Disease resistance protein signature	225	240	7.9E-22	T	09-04-2022	-	-
Pno07G002961.t1	b84f3d13b6839b299c36ff939ef68b0e	1173	PRINTS	PR00364	Disease resistance protein signature	302	316	7.9E-22	T	09-04-2022	-	-
Pno07G002961.t1	b84f3d13b6839b299c36ff939ef68b0e	1173	PRINTS	PR00364	Disease resistance protein signature	724	740	7.9E-22	T	09-04-2022	-	-
Pno07G002961.t1	b84f3d13b6839b299c36ff939ef68b0e	1173	PRINTS	PR00364	Disease resistance protein signature	395	409	7.9E-22	T	09-04-2022	-	-
Pno07G002961.t1	b84f3d13b6839b299c36ff939ef68b0e	1173	SUPERFAMILY	SSF52540	P-loop containing nucleoside triphosphate hydrolases	193	454	1.63E-61	T	09-04-2022	IPR027417	P-loop containing nucleoside triphosphate hydrolase
Pno07G002961.t1	b84f3d13b6839b299c36ff939ef68b0e	1173	Gene3D	G3DSA:3.80.10.10	Ribonuclease Inhibitor	596	790	3.9E-30	T	09-04-2022	IPR032675	Leucine-rich repeat domain superfamily
Pno07G002961.t1	b84f3d13b6839b299c36ff939ef68b0e	1173	SUPERFAMILY	SSF52058	L domain-like	594	900	2.15E-36	T	09-04-2022	-	-
Pno07G002961.t1	b84f3d13b6839b299c36ff939ef68b0e	1173	Gene3D	G3DSA:3.80.10.10	Ribonuclease Inhibitor	800	948	1.4E-8	T	09-04-2022	IPR032675	Leucine-rich repeat domain superfamily
Pno07G002961.t1	b84f3d13b6839b299c36ff939ef68b0e	1173	Pfam	PF01582	TIR domain	18	195	3.1E-45	T	09-04-2022	IPR000157	Toll/interleukin-1 receptor homology (TIR) domain
Pno07G002961.t1	b84f3d13b6839b299c36ff939ef68b0e	1173	ProSiteProfiles	PS50104	TIR domain profile.	16	191	38.144043	T	09-04-2022	IPR000157	Toll/interleukin-1 receptor homology (TIR) domain
Pno07G002961.t1	b84f3d13b6839b299c36ff939ef68b0e	1173	Pfam	PF00931	NB-ARC domain	216	426	1.2E-27	T	09-04-2022	IPR002182	NB-ARC
Pno07G002961.t1	b84f3d13b6839b299c36ff939ef68b0e	1173	Gene3D	G3DSA:3.40.50.10140	-	16	191	9.1E-70	T	09-04-2022	IPR035897	Toll/interleukin-1 receptor homology (TIR) domain superfamily
Pno07G002961.t1	b84f3d13b6839b299c36ff939ef68b0e	1173	Gene3D	G3DSA:3.40.50.300	-	192	355	4.3E-31	T	09-04-2022	IPR027417	P-loop containing nucleoside triphosphate hydrolase
Pno07G002961.t1	b84f3d13b6839b299c36ff939ef68b0e	1173	SUPERFAMILY	SSF52200	Toll/Interleukin receptor TIR domain	11	168	3.4E-42	T	09-04-2022	IPR035897	Toll/interleukin-1 receptor homology (TIR) domain superfamily
Pno08G004409.t1	cb237220dcf16dce8863a888520ba68a	1779	PANTHER	PTHR33463:SF60	-	710	776	1.9E-202	T	09-04-2022	-	-
Pno08G004409.t1	cb237220dcf16dce8863a888520ba68a	1779	SUPERFAMILY	SSF52200	Toll/Interleukin receptor TIR domain	15	161	3.01E-38	T	09-04-2022	IPR035897	Toll/interleukin-1 receptor homology (TIR) domain superfamily
Pno08G004409.t1	cb237220dcf16dce8863a888520ba68a	1779	Pfam	PF07725	Leucine Rich Repeat	506	525	4.4E-5	T	09-04-2022	IPR011713	Leucine-rich repeat 3
Pno08G004409.t1	cb237220dcf16dce8863a888520ba68a	1779	PANTHER	PTHR33463:SF60	-	783	859	1.9E-202	T	09-04-2022	-	-
Pno08G004409.t1	cb237220dcf16dce8863a888520ba68a	1779	SUPERFAMILY	SSF52058	L domain-like	392	698	7.48E-37	T	09-04-2022	-	-
Pno08G004409.t1	cb237220dcf16dce8863a888520ba68a	1779	Gene3D	G3DSA:1.10.8.430	-	1078	1162	4.5E-13	T	09-04-2022	IPR042197	Apoptotic protease-activating factors, helical domain
Pno08G004409.t1	cb237220dcf16dce8863a888520ba68a	1779	SUPERFAMILY	SSF52058	L domain-like	639	847	1.39E-31	T	09-04-2022	-	-
Pno08G004409.t1	cb237220dcf16dce8863a888520ba68a	1779	PANTHER	PTHR33463	-	783	859	1.9E-202	T	09-04-2022	-	-
Pno08G004409.t1	cb237220dcf16dce8863a888520ba68a	1779	Pfam	PF01582	TIR domain	22	187	3.5E-43	T	09-04-2022	IPR000157	Toll/interleukin-1 receptor homology (TIR) domain
Pno08G004409.t1	cb237220dcf16dce8863a888520ba68a	1779	SMART	SM00382	AAA_5	946	1079	6.7E-4	T	09-04-2022	IPR003593	AAA+ ATPase domain
Pno08G004409.t1	cb237220dcf16dce8863a888520ba68a	1779	SUPERFAMILY	SSF52540	P-loop containing nucleoside triphosphate hydrolases	188	353	1.65E-25	T	09-04-2022	IPR027417	P-loop containing nucleoside triphosphate hydrolase
Pno08G004409.t1	cb237220dcf16dce8863a888520ba68a	1779	SUPERFAMILY	SSF52058	L domain-like	1233	1755	8.5E-31	T	09-04-2022	-	-
Pno08G004409.t1	cb237220dcf16dce8863a888520ba68a	1779	PRINTS	PR00364	Disease resistance protein signature	1635	1651	9.8E-17	T	09-04-2022	-	-
Pno08G004409.t1	cb237220dcf16dce8863a888520ba68a	1779	PRINTS	PR00364	Disease resistance protein signature	1111	1125	9.8E-17	T	09-04-2022	-	-
Pno08G004409.t1	cb237220dcf16dce8863a888520ba68a	1779	PRINTS	PR00364	Disease resistance protein signature	1019	1033	9.8E-17	T	09-04-2022	-	-
Pno08G004409.t1	cb237220dcf16dce8863a888520ba68a	1779	PRINTS	PR00364	Disease resistance protein signature	949	964	9.8E-17	T	09-04-2022	-	-
Pno08G004409.t1	cb237220dcf16dce8863a888520ba68a	1779	Pfam	PF13855	Leucine rich repeat	1338	1395	4.8E-8	T	09-04-2022	IPR001611	Leucine-rich repeat
Pno08G004409.t1	cb237220dcf16dce8863a888520ba68a	1779	Gene3D	G3DSA:3.80.10.10	Ribonuclease Inhibitor	437	731	1.9E-47	T	09-04-2022	IPR032675	Leucine-rich repeat domain superfamily
Pno08G004409.t1	cb237220dcf16dce8863a888520ba68a	1779	Gene3D	G3DSA:3.40.50.300	-	192	251	1.2E-6	T	09-04-2022	IPR027417	P-loop containing nucleoside triphosphate hydrolase
Pno08G004409.t1	cb237220dcf16dce8863a888520ba68a	1779	SMART	SM00369	LRR_typ_2	1361	1384	0.12	T	09-04-2022	IPR003591	Leucine-rich repeat, typical subtype
Pno08G004409.t1	cb237220dcf16dce8863a888520ba68a	1779	SMART	SM00369	LRR_typ_2	621	645	110.0	T	09-04-2022	IPR003591	Leucine-rich repeat, typical subtype
Pno08G004409.t1	cb237220dcf16dce8863a888520ba68a	1779	SMART	SM00369	LRR_typ_2	669	692	9.4	T	09-04-2022	IPR003591	Leucine-rich repeat, typical subtype
Pno08G004409.t1	cb237220dcf16dce8863a888520ba68a	1779	SMART	SM00369	LRR_typ_2	766	790	65.0	T	09-04-2022	IPR003591	Leucine-rich repeat, typical subtype
Pno08G004409.t1	cb237220dcf16dce8863a888520ba68a	1779	SMART	SM00369	LRR_typ_2	719	743	160.0	T	09-04-2022	IPR003591	Leucine-rich repeat, typical subtype
Pno08G004409.t1	cb237220dcf16dce8863a888520ba68a	1779	SMART	SM00369	LRR_typ_2	1408	1431	170.0	T	09-04-2022	IPR003591	Leucine-rich repeat, typical subtype
Pno08G004409.t1	cb237220dcf16dce8863a888520ba68a	1779	SMART	SM00369	LRR_typ_2	814	837	6.6	T	09-04-2022	IPR003591	Leucine-rich repeat, typical subtype
Pno08G004409.t1	cb237220dcf16dce8863a888520ba68a	1779	Pfam	PF00931	NB-ARC domain	934	1164	2.0E-47	T	09-04-2022	IPR002182	NB-ARC
Pno08G004409.t1	cb237220dcf16dce8863a888520ba68a	1779	PANTHER	PTHR33463	-	636	700	1.9E-202	T	09-04-2022	-	-
Pno08G004409.t1	cb237220dcf16dce8863a888520ba68a	1779	PANTHER	PTHR33463	-	909	1734	1.9E-202	T	09-04-2022	-	-
Pno08G004409.t1	cb237220dcf16dce8863a888520ba68a	1779	PANTHER	PTHR33463	-	710	776	1.9E-202	T	09-04-2022	-	-
Pno08G004409.t1	cb237220dcf16dce8863a888520ba68a	1779	SMART	SM00255	till_3	21	158	1.2E-36	T	09-04-2022	IPR000157	Toll/interleukin-1 receptor homology (TIR) domain
Pno08G004409.t1	cb237220dcf16dce8863a888520ba68a	1779	Gene3D	G3DSA:3.40.50.10140	-	17	191	1.0E-65	T	09-04-2022	IPR035897	Toll/interleukin-1 receptor homology (TIR) domain superfamily
Pno08G004409.t1	cb237220dcf16dce8863a888520ba68a	1779	Gene3D	G3DSA:3.80.10.10	Ribonuclease Inhibitor	736	851	2.2E-27	T	09-04-2022	IPR032675	Leucine-rich repeat domain superfamily
Pno08G004409.t1	cb237220dcf16dce8863a888520ba68a	1779	ProSiteProfiles	PS50104	TIR domain profile.	20	186	34.928299	T	09-04-2022	IPR000157	Toll/interleukin-1 receptor homology (TIR) domain
Pno08G004409.t1	cb237220dcf16dce8863a888520ba68a	1779	Gene3D	G3DSA:3.80.10.10	Ribonuclease Inhibitor	1301	1750	1.3E-36	T	09-04-2022	IPR032675	Leucine-rich repeat domain superfamily
Pno08G004409.t1	cb237220dcf16dce8863a888520ba68a	1779	SUPERFAMILY	SSF52540	P-loop containing nucleoside triphosphate hydrolases	933	1178	3.1E-43	T	09-04-2022	IPR027417	P-loop containing nucleoside triphosphate hydrolase
Pno08G004409.t1	cb237220dcf16dce8863a888520ba68a	1779	Gene3D	G3DSA:1.10.10.10	-	1163	1246	3.6E-7	T	09-04-2022	IPR036388	Winged helix-like DNA-binding domain superfamily
Pno08G004409.t1	cb237220dcf16dce8863a888520ba68a	1779	Gene3D	G3DSA:3.40.50.300	-	917	1073	3.5E-28	T	09-04-2022	IPR027417	P-loop containing nucleoside triphosphate hydrolase
Pno08G004409.t1	cb237220dcf16dce8863a888520ba68a	1779	PANTHER	PTHR33463:SF60	-	909	1734	1.9E-202	T	09-04-2022	-	-
Pno08G004409.t1	cb237220dcf16dce8863a888520ba68a	1779	PANTHER	PTHR33463:SF60	-	636	700	1.9E-202	T	09-04-2022	-	-
Pno07G002964.t1	a66f491417f4dd38a9e5f830e2dbc401	1140	PANTHER	PTHR11017:SF303	TOLL/INTERLEUKIN-1 RECEPTOR (TIR) DOMAIN-CONTAINING PROTEIN-RELATED	562	970	1.5E-209	T	09-04-2022	-	-
Pno07G002964.t1	a66f491417f4dd38a9e5f830e2dbc401	1140	SUPERFAMILY	SSF46785	"Winged helix" DNA-binding domain	432	538	1.44E-6	T	09-04-2022	IPR036390	Winged helix DNA-binding domain superfamily
Pno07G002964.t1	a66f491417f4dd38a9e5f830e2dbc401	1140	SUPERFAMILY	SSF52540	P-loop containing nucleoside triphosphate hydrolases	193	454	1.98E-59	T	09-04-2022	IPR027417	P-loop containing nucleoside triphosphate hydrolase
Pno07G002964.t1	a66f491417f4dd38a9e5f830e2dbc401	1140	Coils	Coil	Coil	128	155	-	T	09-04-2022	-	-
Pno07G002964.t1	a66f491417f4dd38a9e5f830e2dbc401	1140	Gene3D	G3DSA:3.40.50.300	-	191	356	2.4E-31	T	09-04-2022	IPR027417	P-loop containing nucleoside triphosphate hydrolase
Pno07G002964.t1	a66f491417f4dd38a9e5f830e2dbc401	1140	PANTHER	PTHR11017	LEUCINE-RICH REPEAT-CONTAINING PROTEIN	562	970	1.5E-209	T	09-04-2022	IPR044974	Disease resistance protein, plants
Pno07G002964.t1	a66f491417f4dd38a9e5f830e2dbc401	1140	ProSiteProfiles	PS51450	Leucine-rich repeat profile.	794	815	7.43473	T	09-04-2022	IPR001611	Leucine-rich repeat
Pno07G002964.t1	a66f491417f4dd38a9e5f830e2dbc401	1140	Pfam	PF01582	TIR domain	18	195	3.3E-45	T	09-04-2022	IPR000157	Toll/interleukin-1 receptor homology (TIR) domain
Pno07G002964.t1	a66f491417f4dd38a9e5f830e2dbc401	1140	Gene3D	G3DSA:3.80.10.10	Ribonuclease Inhibitor	544	751	3.8E-30	T	09-04-2022	IPR032675	Leucine-rich repeat domain superfamily
Pno07G002964.t1	a66f491417f4dd38a9e5f830e2dbc401	1140	PANTHER	PTHR11017	LEUCINE-RICH REPEAT-CONTAINING PROTEIN	16	550	1.5E-209	T	09-04-2022	IPR044974	Disease resistance protein, plants
Pno07G002964.t1	a66f491417f4dd38a9e5f830e2dbc401	1140	SMART	SM00255	till_3	17	166	1.4E-44	T	09-04-2022	IPR000157	Toll/interleukin-1 receptor homology (TIR) domain
Pno07G002964.t1	a66f491417f4dd38a9e5f830e2dbc401	1140	SUPERFAMILY	SSF52058	L domain-like	558	874	2.61E-37	T	09-04-2022	-	-
Pno07G002964.t1	a66f491417f4dd38a9e5f830e2dbc401	1140	Gene3D	G3DSA:3.40.50.10140	-	16	190	1.6E-69	T	09-04-2022	IPR035897	Toll/interleukin-1 receptor homology (TIR) domain superfamily
Pno07G002964.t1	a66f491417f4dd38a9e5f830e2dbc401	1140	PANTHER	PTHR11017:SF303	TOLL/INTERLEUKIN-1 RECEPTOR (TIR) DOMAIN-CONTAINING PROTEIN-RELATED	16	550	1.5E-209	T	09-04-2022	-	-
Pno07G002964.t1	a66f491417f4dd38a9e5f830e2dbc401	1140	Pfam	PF13855	Leucine rich repeat	770	828	1.1E-6	T	09-04-2022	IPR001611	Leucine-rich repeat
Pno07G002964.t1	a66f491417f4dd38a9e5f830e2dbc401	1140	Gene3D	G3DSA:3.80.10.10	Ribonuclease Inhibitor	760	906	2.7E-11	T	09-04-2022	IPR032675	Leucine-rich repeat domain superfamily
Pno07G002964.t1	a66f491417f4dd38a9e5f830e2dbc401	1140	Pfam	PF00931	NB-ARC domain	216	426	2.3E-26	T	09-04-2022	IPR002182	NB-ARC
Pno07G002964.t1	a66f491417f4dd38a9e5f830e2dbc401	1140	PRINTS	PR00364	Disease resistance protein signature	813	829	2.8E-21	T	09-04-2022	-	-
Pno07G002964.t1	a66f491417f4dd38a9e5f830e2dbc401	1140	PRINTS	PR00364	Disease resistance protein signature	225	240	2.8E-21	T	09-04-2022	-	-
Pno07G002964.t1	a66f491417f4dd38a9e5f830e2dbc401	1140	PRINTS	PR00364	Disease resistance protein signature	395	409	2.8E-21	T	09-04-2022	-	-
Pno07G002964.t1	a66f491417f4dd38a9e5f830e2dbc401	1140	PRINTS	PR00364	Disease resistance protein signature	302	316	2.8E-21	T	09-04-2022	-	-
Pno07G002964.t1	a66f491417f4dd38a9e5f830e2dbc401	1140	SUPERFAMILY	SSF52200	Toll/Interleukin receptor TIR domain	11	168	2.49E-41	T	09-04-2022	IPR035897	Toll/interleukin-1 receptor homology (TIR) domain superfamily
Pno07G002964.t1	a66f491417f4dd38a9e5f830e2dbc401	1140	Gene3D	G3DSA:1.10.8.430	-	360	444	1.9E-14	T	09-04-2022	IPR042197	Apoptotic protease-activating factors, helical domain
Pno07G002964.t1	a66f491417f4dd38a9e5f830e2dbc401	1140	ProSiteProfiles	PS50104	TIR domain profile.	16	191	37.902256	T	09-04-2022	IPR000157	Toll/interleukin-1 receptor homology (TIR) domain
Pno08G000623.t1	f131f3ad25e2ed785652a95be4b970b6	956	Pfam	PF00931	NB-ARC domain	209	406	1.1E-49	T	09-04-2022	IPR002182	NB-ARC
Pno08G000623.t1	f131f3ad25e2ed785652a95be4b970b6	956	Gene3D	G3DSA:3.80.10.10	Ribonuclease Inhibitor	560	946	4.9E-50	T	09-04-2022	IPR032675	Leucine-rich repeat domain superfamily
Pno08G000623.t1	f131f3ad25e2ed785652a95be4b970b6	956	Pfam	PF13855	Leucine rich repeat	596	647	2.2E-6	T	09-04-2022	IPR001611	Leucine-rich repeat
Pno08G000623.t1	f131f3ad25e2ed785652a95be4b970b6	956	Gene3D	G3DSA:1.10.8.430	-	344	427	1.5E-13	T	09-04-2022	IPR042197	Apoptotic protease-activating factors, helical domain
Pno08G000623.t1	f131f3ad25e2ed785652a95be4b970b6	956	PANTHER	PTHR23155	DISEASE RESISTANCE PROTEIN RP	32	916	1.6E-139	T	09-04-2022	IPR044974	Disease resistance protein, plants
Pno08G000623.t1	f131f3ad25e2ed785652a95be4b970b6	956	SMART	SM00369	LRR_typ_2	618	639	8.3	T	09-04-2022	IPR003591	Leucine-rich repeat, typical subtype
Pno08G000623.t1	f131f3ad25e2ed785652a95be4b970b6	956	SMART	SM00369	LRR_typ_2	663	687	17.0	T	09-04-2022	IPR003591	Leucine-rich repeat, typical subtype
Pno08G000623.t1	f131f3ad25e2ed785652a95be4b970b6	956	SMART	SM00369	LRR_typ_2	593	616	0.81	T	09-04-2022	IPR003591	Leucine-rich repeat, typical subtype
Pno08G000623.t1	f131f3ad25e2ed785652a95be4b970b6	956	Gene3D	G3DSA:1.20.5.4130	-	6	131	1.2E-20	T	09-04-2022	-	-
Pno08G000623.t1	f131f3ad25e2ed785652a95be4b970b6	956	Gene3D	G3DSA:1.10.10.10	-	428	519	3.2E-15	T	09-04-2022	IPR036388	Winged helix-like DNA-binding domain superfamily
Pno08G000623.t1	f131f3ad25e2ed785652a95be4b970b6	956	CDD	cd14798	RX-CC_like	3	142	3.0247E-11	T	09-04-2022	IPR038005	Virus X resistance protein-like, coiled-coil domain
Pno08G000623.t1	f131f3ad25e2ed785652a95be4b970b6	956	Coils	Coil	Coil	35	55	-	T	09-04-2022	-	-
Pno08G000623.t1	f131f3ad25e2ed785652a95be4b970b6	956	ProSiteProfiles	PS51450	Leucine-rich repeat profile.	595	616	7.095899	T	09-04-2022	IPR001611	Leucine-rich repeat
Pno08G000623.t1	f131f3ad25e2ed785652a95be4b970b6	956	Gene3D	G3DSA:3.40.50.300	-	164	340	2.2E-35	T	09-04-2022	IPR027417	P-loop containing nucleoside triphosphate hydrolase
Pno08G000623.t1	f131f3ad25e2ed785652a95be4b970b6	956	PRINTS	PR00364	Disease resistance protein signature	284	298	1.5E-18	T	09-04-2022	-	-
Pno08G000623.t1	f131f3ad25e2ed785652a95be4b970b6	956	PRINTS	PR00364	Disease resistance protein signature	378	392	1.5E-18	T	09-04-2022	-	-
Pno08G000623.t1	f131f3ad25e2ed785652a95be4b970b6	956	PRINTS	PR00364	Disease resistance protein signature	211	226	1.5E-18	T	09-04-2022	-	-
Pno08G000623.t1	f131f3ad25e2ed785652a95be4b970b6	956	PRINTS	PR00364	Disease resistance protein signature	820	836	1.5E-18	T	09-04-2022	-	-
Pno08G000623.t1	f131f3ad25e2ed785652a95be4b970b6	956	ProSiteProfiles	PS51450	Leucine-rich repeat profile.	618	639	7.565642	T	09-04-2022	IPR001611	Leucine-rich repeat
Pno08G000623.t1	f131f3ad25e2ed785652a95be4b970b6	956	SUPERFAMILY	SSF52540	P-loop containing nucleoside triphosphate hydrolases	165	442	1.29E-62	T	09-04-2022	IPR027417	P-loop containing nucleoside triphosphate hydrolase
Pno08G000623.t1	f131f3ad25e2ed785652a95be4b970b6	956	PANTHER	PTHR23155:SF1055	OS05G0414200 PROTEIN	32	916	1.6E-139	T	09-04-2022	-	-
Pno08G000623.t1	f131f3ad25e2ed785652a95be4b970b6	956	SUPERFAMILY	SSF52058	L domain-like	507	933	7.14E-44	T	09-04-2022	-	-
Pno08G000623.t1	f131f3ad25e2ed785652a95be4b970b6	956	Pfam	PF18052	Rx N-terminal domain	5	99	3.3E-22	T	09-04-2022	IPR041118	Rx, N-terminal
Pno11G004415.t1	9ea1b4a99a5e142ec921da8e9c9ad602	1425	Gene3D	G3DSA:3.40.50.10140	-	15	186	1.9E-66	T	09-04-2022	IPR035897	Toll/interleukin-1 receptor homology (TIR) domain superfamily
Pno11G004415.t1	9ea1b4a99a5e142ec921da8e9c9ad602	1425	SUPERFAMILY	SSF52200	Toll/Interleukin receptor TIR domain	13	162	1.57E-42	T	09-04-2022	IPR035897	Toll/interleukin-1 receptor homology (TIR) domain superfamily
Pno11G004415.t1	9ea1b4a99a5e142ec921da8e9c9ad602	1425	Pfam	PF13855	Leucine rich repeat	682	735	6.6E-7	T	09-04-2022	IPR001611	Leucine-rich repeat
Pno11G004415.t1	9ea1b4a99a5e142ec921da8e9c9ad602	1425	ProSiteProfiles	PS50104	TIR domain profile.	19	186	35.565002	T	09-04-2022	IPR000157	Toll/interleukin-1 receptor homology (TIR) domain
Pno11G004415.t1	9ea1b4a99a5e142ec921da8e9c9ad602	1425	PANTHER	PTHR11017	LEUCINE-RICH REPEAT-CONTAINING PROTEIN	551	606	5.3E-140	T	09-04-2022	IPR044974	Disease resistance protein, plants
Pno11G004415.t1	9ea1b4a99a5e142ec921da8e9c9ad602	1425	Gene3D	G3DSA:3.40.50.300	-	187	350	2.5E-27	T	09-04-2022	IPR027417	P-loop containing nucleoside triphosphate hydrolase
Pno11G004415.t1	9ea1b4a99a5e142ec921da8e9c9ad602	1425	PANTHER	PTHR11017	LEUCINE-RICH REPEAT-CONTAINING PROTEIN	616	745	5.3E-140	T	09-04-2022	IPR044974	Disease resistance protein, plants
Pno11G004415.t1	9ea1b4a99a5e142ec921da8e9c9ad602	1425	Pfam	PF00931	NB-ARC domain	202	427	2.2E-24	T	09-04-2022	IPR002182	NB-ARC
Pno11G004415.t1	9ea1b4a99a5e142ec921da8e9c9ad602	1425	ProSiteProfiles	PS51257	Prokaryotic membrane lipoprotein lipid attachment site profile.	1	19	5.0	T	09-04-2022	-	-
Pno11G004415.t1	9ea1b4a99a5e142ec921da8e9c9ad602	1425	SMART	SM00369	LRR_typ_2	634	656	78.0	T	09-04-2022	IPR003591	Leucine-rich repeat, typical subtype
Pno11G004415.t1	9ea1b4a99a5e142ec921da8e9c9ad602	1425	SMART	SM00369	LRR_typ_2	703	726	0.84	T	09-04-2022	IPR003591	Leucine-rich repeat, typical subtype
Pno11G004415.t1	9ea1b4a99a5e142ec921da8e9c9ad602	1425	SMART	SM00369	LRR_typ_2	657	680	8.2	T	09-04-2022	IPR003591	Leucine-rich repeat, typical subtype
Pno11G004415.t1	9ea1b4a99a5e142ec921da8e9c9ad602	1425	PANTHER	PTHR11017:SF391	DISEASE RESISTANCE PROTEIN (TIR-NBS-LRR CLASS), PUTATIVE-RELATED	15	543	5.3E-140	T	09-04-2022	-	-
Pno11G004415.t1	9ea1b4a99a5e142ec921da8e9c9ad602	1425	SUPERFAMILY	SSF52058	L domain-like	497	794	1.28E-36	T	09-04-2022	-	-
Pno11G004415.t1	9ea1b4a99a5e142ec921da8e9c9ad602	1425	Gene3D	G3DSA:1.10.8.430	-	358	441	1.1E-11	T	09-04-2022	IPR042197	Apoptotic protease-activating factors, helical domain
Pno11G004415.t1	9ea1b4a99a5e142ec921da8e9c9ad602	1425	Pfam	PF01582	TIR domain	20	201	2.1E-45	T	09-04-2022	IPR000157	Toll/interleukin-1 receptor homology (TIR) domain
Pno11G004415.t1	9ea1b4a99a5e142ec921da8e9c9ad602	1425	ProSiteProfiles	PS51450	Leucine-rich repeat profile.	705	726	7.704254	T	09-04-2022	IPR001611	Leucine-rich repeat
Pno11G004415.t1	9ea1b4a99a5e142ec921da8e9c9ad602	1425	PANTHER	PTHR11017	LEUCINE-RICH REPEAT-CONTAINING PROTEIN	15	543	5.3E-140	T	09-04-2022	IPR044974	Disease resistance protein, plants
Pno11G004415.t1	9ea1b4a99a5e142ec921da8e9c9ad602	1425	PRINTS	PR00364	Disease resistance protein signature	221	236	1.6E-19	T	09-04-2022	-	-
Pno11G004415.t1	9ea1b4a99a5e142ec921da8e9c9ad602	1425	PRINTS	PR00364	Disease resistance protein signature	724	740	1.6E-19	T	09-04-2022	-	-
Pno11G004415.t1	9ea1b4a99a5e142ec921da8e9c9ad602	1425	PRINTS	PR00364	Disease resistance protein signature	299	313	1.6E-19	T	09-04-2022	-	-
Pno11G004415.t1	9ea1b4a99a5e142ec921da8e9c9ad602	1425	PRINTS	PR00364	Disease resistance protein signature	392	406	1.6E-19	T	09-04-2022	-	-
Pno11G004415.t1	9ea1b4a99a5e142ec921da8e9c9ad602	1425	PANTHER	PTHR11017:SF391	DISEASE RESISTANCE PROTEIN (TIR-NBS-LRR CLASS), PUTATIVE-RELATED	616	745	5.3E-140	T	09-04-2022	-	-
Pno11G004415.t1	9ea1b4a99a5e142ec921da8e9c9ad602	1425	SUPERFAMILY	SSF52540	P-loop containing nucleoside triphosphate hydrolases	180	451	3.32E-54	T	09-04-2022	IPR027417	P-loop containing nucleoside triphosphate hydrolase
Pno11G004415.t1	9ea1b4a99a5e142ec921da8e9c9ad602	1425	SMART	SM00255	till_3	20	160	1.1E-44	T	09-04-2022	IPR000157	Toll/interleukin-1 receptor homology (TIR) domain
Pno11G004415.t1	9ea1b4a99a5e142ec921da8e9c9ad602	1425	Pfam	PF05055	Protein of unknown function (DUF677)	1357	1424	9.9E-15	T	09-04-2022	IPR007749	Protein of unknown function DUF677
Pno11G004415.t1	9ea1b4a99a5e142ec921da8e9c9ad602	1425	Pfam	PF05055	Protein of unknown function (DUF677)	1018	1207	7.5E-32	T	09-04-2022	IPR007749	Protein of unknown function DUF677
Pno11G004415.t1	9ea1b4a99a5e142ec921da8e9c9ad602	1425	Gene3D	G3DSA:3.80.10.10	Ribonuclease Inhibitor	528	785	2.3E-38	T	09-04-2022	IPR032675	Leucine-rich repeat domain superfamily
Pno11G004415.t1	9ea1b4a99a5e142ec921da8e9c9ad602	1425	PANTHER	PTHR11017:SF391	DISEASE RESISTANCE PROTEIN (TIR-NBS-LRR CLASS), PUTATIVE-RELATED	551	606	5.3E-140	T	09-04-2022	-	-
Pno09G000893.t1	3481722a183c4cd98f19f2b06a84a04c	1331	Pfam	PF13855	Leucine rich repeat	665	718	1.1E-6	T	09-04-2022	IPR001611	Leucine-rich repeat
Pno09G000893.t1	3481722a183c4cd98f19f2b06a84a04c	1331	Pfam	PF13855	Leucine rich repeat	804	861	1.4E-7	T	09-04-2022	IPR001611	Leucine-rich repeat
Pno09G000893.t1	3481722a183c4cd98f19f2b06a84a04c	1331	Pfam	PF13855	Leucine rich repeat	456	512	4.0E-8	T	09-04-2022	IPR001611	Leucine-rich repeat
Pno09G000893.t1	3481722a183c4cd98f19f2b06a84a04c	1331	SUPERFAMILY	SSF52540	P-loop containing nucleoside triphosphate hydrolases	4	259	4.85E-26	T	09-04-2022	IPR027417	P-loop containing nucleoside triphosphate hydrolase
Pno09G000893.t1	3481722a183c4cd98f19f2b06a84a04c	1331	PANTHER	PTHR45752	LEUCINE-RICH REPEAT-CONTAINING	1233	1299	8.1E-159	T	09-04-2022	-	-
Pno09G000893.t1	3481722a183c4cd98f19f2b06a84a04c	1331	PANTHER	PTHR45752:SF105	NB-ARC-RELATED	14	776	8.1E-159	T	09-04-2022	-	-
Pno09G000893.t1	3481722a183c4cd98f19f2b06a84a04c	1331	MobiDBLite	mobidb-lite	consensus disorder prediction	89	103	-	T	09-04-2022	-	-
Pno09G000893.t1	3481722a183c4cd98f19f2b06a84a04c	1331	PANTHER	PTHR45752:SF105	NB-ARC-RELATED	1023	1114	8.1E-159	T	09-04-2022	-	-
Pno09G000893.t1	3481722a183c4cd98f19f2b06a84a04c	1331	Gene3D	G3DSA:3.80.10.10	Ribonuclease Inhibitor	663	799	1.4E-25	T	09-04-2022	IPR032675	Leucine-rich repeat domain superfamily
Pno09G000893.t1	3481722a183c4cd98f19f2b06a84a04c	1331	Gene3D	G3DSA:3.80.10.10	Ribonuclease Inhibitor	1068	1256	1.9E-11	T	09-04-2022	IPR032675	Leucine-rich repeat domain superfamily
Pno09G000893.t1	3481722a183c4cd98f19f2b06a84a04c	1331	ProSiteProfiles	PS51450	Leucine-rich repeat profile.	829	850	7.057395	T	09-04-2022	IPR001611	Leucine-rich repeat
Pno09G000893.t1	3481722a183c4cd98f19f2b06a84a04c	1331	SUPERFAMILY	SSF52058	L domain-like	384	671	5.27E-36	T	09-04-2022	-	-
Pno09G000893.t1	3481722a183c4cd98f19f2b06a84a04c	1331	Pfam	PF00931	NB-ARC domain	3	220	4.0E-21	T	09-04-2022	IPR002182	NB-ARC
Pno09G000893.t1	3481722a183c4cd98f19f2b06a84a04c	1331	PANTHER	PTHR45752:SF105	NB-ARC-RELATED	783	882	8.1E-159	T	09-04-2022	-	-
Pno09G000893.t1	3481722a183c4cd98f19f2b06a84a04c	1331	MobiDBLite	mobidb-lite	consensus disorder prediction	84	103	-	T	09-04-2022	-	-
Pno09G000893.t1	3481722a183c4cd98f19f2b06a84a04c	1331	PANTHER	PTHR45752:SF105	NB-ARC-RELATED	1136	1226	8.1E-159	T	09-04-2022	-	-
Pno09G000893.t1	3481722a183c4cd98f19f2b06a84a04c	1331	SUPERFAMILY	SSF52047	RNI-like	1135	1316	1.02E-12	T	09-04-2022	-	-
Pno09G000893.t1	3481722a183c4cd98f19f2b06a84a04c	1331	PANTHER	PTHR45752:SF105	NB-ARC-RELATED	1233	1299	8.1E-159	T	09-04-2022	-	-
Pno09G000893.t1	3481722a183c4cd98f19f2b06a84a04c	1331	SUPERFAMILY	SSF52058	L domain-like	641	939	1.11E-42	T	09-04-2022	-	-
Pno09G000893.t1	3481722a183c4cd98f19f2b06a84a04c	1331	Gene3D	G3DSA:3.80.10.10	Ribonuclease Inhibitor	468	662	4.2E-27	T	09-04-2022	IPR032675	Leucine-rich repeat domain superfamily
Pno09G000893.t1	3481722a183c4cd98f19f2b06a84a04c	1331	PANTHER	PTHR45752	LEUCINE-RICH REPEAT-CONTAINING	1023	1114	8.1E-159	T	09-04-2022	-	-
Pno09G000893.t1	3481722a183c4cd98f19f2b06a84a04c	1331	Gene3D	G3DSA:3.80.10.10	Ribonuclease Inhibitor	381	467	7.0E-9	T	09-04-2022	IPR032675	Leucine-rich repeat domain superfamily
Pno09G000893.t1	3481722a183c4cd98f19f2b06a84a04c	1331	Gene3D	G3DSA:3.80.10.10	Ribonuclease Inhibitor	800	909	3.2E-19	T	09-04-2022	IPR032675	Leucine-rich repeat domain superfamily
Pno09G000893.t1	3481722a183c4cd98f19f2b06a84a04c	1331	SMART	SM00369	LRR_typ_2	732	756	41.0	T	09-04-2022	IPR003591	Leucine-rich repeat, typical subtype
Pno09G000893.t1	3481722a183c4cd98f19f2b06a84a04c	1331	SMART	SM00369	LRR_typ_2	662	686	74.0	T	09-04-2022	IPR003591	Leucine-rich repeat, typical subtype
Pno09G000893.t1	3481722a183c4cd98f19f2b06a84a04c	1331	SMART	SM00369	LRR_typ_2	872	896	19.0	T	09-04-2022	IPR003591	Leucine-rich repeat, typical subtype
Pno09G000893.t1	3481722a183c4cd98f19f2b06a84a04c	1331	SMART	SM00369	LRR_typ_2	757	779	150.0	T	09-04-2022	IPR003591	Leucine-rich repeat, typical subtype
Pno09G000893.t1	3481722a183c4cd98f19f2b06a84a04c	1331	SMART	SM00369	LRR_typ_2	827	850	120.0	T	09-04-2022	IPR003591	Leucine-rich repeat, typical subtype
Pno09G000893.t1	3481722a183c4cd98f19f2b06a84a04c	1331	SMART	SM00369	LRR_typ_2	619	642	20.0	T	09-04-2022	IPR003591	Leucine-rich repeat, typical subtype
Pno09G000893.t1	3481722a183c4cd98f19f2b06a84a04c	1331	SMART	SM00369	LRR_typ_2	478	501	60.0	T	09-04-2022	IPR003591	Leucine-rich repeat, typical subtype
Pno09G000893.t1	3481722a183c4cd98f19f2b06a84a04c	1331	SMART	SM00369	LRR_typ_2	687	712	24.0	T	09-04-2022	IPR003591	Leucine-rich repeat, typical subtype
Pno09G000893.t1	3481722a183c4cd98f19f2b06a84a04c	1331	PANTHER	PTHR45752	LEUCINE-RICH REPEAT-CONTAINING	14	776	8.1E-159	T	09-04-2022	-	-
Pno09G000893.t1	3481722a183c4cd98f19f2b06a84a04c	1331	PRINTS	PR00364	Disease resistance protein signature	109	123	3.2E-13	T	09-04-2022	-	-
Pno09G000893.t1	3481722a183c4cd98f19f2b06a84a04c	1331	PRINTS	PR00364	Disease resistance protein signature	660	676	3.2E-13	T	09-04-2022	-	-
Pno09G000893.t1	3481722a183c4cd98f19f2b06a84a04c	1331	PRINTS	PR00364	Disease resistance protein signature	204	218	3.2E-13	T	09-04-2022	-	-
Pno09G000893.t1	3481722a183c4cd98f19f2b06a84a04c	1331	PRINTS	PR00364	Disease resistance protein signature	18	33	3.2E-13	T	09-04-2022	-	-
Pno09G000893.t1	3481722a183c4cd98f19f2b06a84a04c	1331	Gene3D	G3DSA:3.40.50.300	-	1	166	1.2E-16	T	09-04-2022	IPR027417	P-loop containing nucleoside triphosphate hydrolase
Pno09G000893.t1	3481722a183c4cd98f19f2b06a84a04c	1331	PANTHER	PTHR45752	LEUCINE-RICH REPEAT-CONTAINING	783	882	8.1E-159	T	09-04-2022	-	-
Pno09G000893.t1	3481722a183c4cd98f19f2b06a84a04c	1331	PANTHER	PTHR45752	LEUCINE-RICH REPEAT-CONTAINING	1136	1226	8.1E-159	T	09-04-2022	-	-
Pno05G003611.t2	0b2b1d9c7da61d45f8adee2fca8db004	907	SUPERFAMILY	SSF52058	L domain-like	573	880	2.3E-31	T	09-04-2022	-	-
Pno05G003611.t2	0b2b1d9c7da61d45f8adee2fca8db004	907	Pfam	PF13855	Leucine rich repeat	601	653	6.3E-7	T	09-04-2022	IPR001611	Leucine-rich repeat
Pno05G003611.t2	0b2b1d9c7da61d45f8adee2fca8db004	907	SMART	SM00382	AAA_5	173	327	0.0053	T	09-04-2022	IPR003593	AAA+ ATPase domain
Pno05G003611.t2	0b2b1d9c7da61d45f8adee2fca8db004	907	PRINTS	PR00364	Disease resistance protein signature	347	361	6.1E-10	T	09-04-2022	-	-
Pno05G003611.t2	0b2b1d9c7da61d45f8adee2fca8db004	907	PRINTS	PR00364	Disease resistance protein signature	619	635	6.1E-10	T	09-04-2022	-	-
Pno05G003611.t2	0b2b1d9c7da61d45f8adee2fca8db004	907	PRINTS	PR00364	Disease resistance protein signature	255	269	6.1E-10	T	09-04-2022	-	-
Pno05G003611.t2	0b2b1d9c7da61d45f8adee2fca8db004	907	PRINTS	PR00364	Disease resistance protein signature	176	191	6.1E-10	T	09-04-2022	-	-
Pno05G003611.t2	0b2b1d9c7da61d45f8adee2fca8db004	907	SUPERFAMILY	SSF52540	P-loop containing nucleoside triphosphate hydrolases	140	405	1.94E-42	T	09-04-2022	IPR027417	P-loop containing nucleoside triphosphate hydrolase
Pno05G003611.t2	0b2b1d9c7da61d45f8adee2fca8db004	907	Pfam	PF00931	NB-ARC domain	164	401	1.7E-36	T	09-04-2022	IPR002182	NB-ARC
Pno05G003611.t2	0b2b1d9c7da61d45f8adee2fca8db004	907	Gene3D	G3DSA:3.40.50.300	-	147	307	5.6E-27	T	09-04-2022	IPR027417	P-loop containing nucleoside triphosphate hydrolase
Pno05G003611.t2	0b2b1d9c7da61d45f8adee2fca8db004	907	Gene3D	G3DSA:1.10.8.430	-	316	390	2.6E-9	T	09-04-2022	IPR042197	Apoptotic protease-activating factors, helical domain
Pno05G003611.t2	0b2b1d9c7da61d45f8adee2fca8db004	907	Gene3D	G3DSA:1.10.10.10	-	391	486	7.1E-9	T	09-04-2022	IPR036388	Winged helix-like DNA-binding domain superfamily
Pno05G003611.t2	0b2b1d9c7da61d45f8adee2fca8db004	907	Gene3D	G3DSA:3.80.10.10	Ribonuclease Inhibitor	541	890	3.5E-37	T	09-04-2022	IPR032675	Leucine-rich repeat domain superfamily
Pno05G003611.t2	0b2b1d9c7da61d45f8adee2fca8db004	907	PANTHER	PTHR23155	DISEASE RESISTANCE PROTEIN RP	145	889	1.3E-204	T	09-04-2022	IPR044974	Disease resistance protein, plants
Pno05G003611.t2	0b2b1d9c7da61d45f8adee2fca8db004	907	PANTHER	PTHR23155:SF955	-	145	889	1.3E-204	T	09-04-2022	-	-
Pno11G004480.t1	f0bd2dcf676d3113f3da626a9cdea22a	1364	SUPERFAMILY	SSF52540	P-loop containing nucleoside triphosphate hydrolases	181	451	1.35E-56	T	09-04-2022	IPR027417	P-loop containing nucleoside triphosphate hydrolase
Pno11G004480.t1	f0bd2dcf676d3113f3da626a9cdea22a	1364	Gene3D	G3DSA:1.10.8.430	-	358	441	1.7E-11	T	09-04-2022	IPR042197	Apoptotic protease-activating factors, helical domain
Pno11G004480.t1	f0bd2dcf676d3113f3da626a9cdea22a	1364	SUPERFAMILY	SSF52200	Toll/Interleukin receptor TIR domain	13	162	9.94E-43	T	09-04-2022	IPR035897	Toll/interleukin-1 receptor homology (TIR) domain superfamily
Pno11G004480.t1	f0bd2dcf676d3113f3da626a9cdea22a	1364	PANTHER	PTHR11017:SF243	RESISTANCE PROTEIN (TIR-NBS-LRR CLASS), PUTATIVE-RELATED	14	760	7.0E-166	T	09-04-2022	-	-
Pno11G004480.t1	f0bd2dcf676d3113f3da626a9cdea22a	1364	PANTHER	PTHR11017:SF243	RESISTANCE PROTEIN (TIR-NBS-LRR CLASS), PUTATIVE-RELATED	753	885	7.0E-166	T	09-04-2022	-	-
Pno11G004480.t1	f0bd2dcf676d3113f3da626a9cdea22a	1364	Pfam	PF05055	Protein of unknown function (DUF677)	1020	1315	2.3E-32	T	09-04-2022	IPR007749	Protein of unknown function DUF677
Pno11G004480.t1	f0bd2dcf676d3113f3da626a9cdea22a	1364	PRINTS	PR00364	Disease resistance protein signature	299	313	2.8E-19	T	09-04-2022	-	-
Pno11G004480.t1	f0bd2dcf676d3113f3da626a9cdea22a	1364	PRINTS	PR00364	Disease resistance protein signature	221	236	2.8E-19	T	09-04-2022	-	-
Pno11G004480.t1	f0bd2dcf676d3113f3da626a9cdea22a	1364	PRINTS	PR00364	Disease resistance protein signature	392	406	2.8E-19	T	09-04-2022	-	-
Pno11G004480.t1	f0bd2dcf676d3113f3da626a9cdea22a	1364	PRINTS	PR00364	Disease resistance protein signature	845	861	2.8E-19	T	09-04-2022	-	-
Pno11G004480.t1	f0bd2dcf676d3113f3da626a9cdea22a	1364	PANTHER	PTHR11017	LEUCINE-RICH REPEAT-CONTAINING PROTEIN	14	760	7.0E-166	T	09-04-2022	IPR044974	Disease resistance protein, plants
Pno11G004480.t1	f0bd2dcf676d3113f3da626a9cdea22a	1364	SMART	SM00255	till_3	20	160	4.9E-40	T	09-04-2022	IPR000157	Toll/interleukin-1 receptor homology (TIR) domain
Pno11G004480.t1	f0bd2dcf676d3113f3da626a9cdea22a	1364	PANTHER	PTHR11017	LEUCINE-RICH REPEAT-CONTAINING PROTEIN	753	885	7.0E-166	T	09-04-2022	IPR044974	Disease resistance protein, plants
Pno11G004480.t1	f0bd2dcf676d3113f3da626a9cdea22a	1364	ProSiteProfiles	PS50104	TIR domain profile.	19	186	36.169464	T	09-04-2022	IPR000157	Toll/interleukin-1 receptor homology (TIR) domain
Pno11G004480.t1	f0bd2dcf676d3113f3da626a9cdea22a	1364	ProSiteProfiles	PS51450	Leucine-rich repeat profile.	826	847	7.473233	T	09-04-2022	IPR001611	Leucine-rich repeat
Pno11G004480.t1	f0bd2dcf676d3113f3da626a9cdea22a	1364	Pfam	PF00931	NB-ARC domain	202	425	2.2E-25	T	09-04-2022	IPR002182	NB-ARC
Pno11G004480.t1	f0bd2dcf676d3113f3da626a9cdea22a	1364	Gene3D	G3DSA:3.80.10.10	Ribonuclease Inhibitor	541	884	3.7E-47	T	09-04-2022	IPR032675	Leucine-rich repeat domain superfamily
Pno11G004480.t1	f0bd2dcf676d3113f3da626a9cdea22a	1364	SUPERFAMILY	SSF52058	L domain-like	496	868	5.67E-46	T	09-04-2022	-	-
Pno11G004480.t1	f0bd2dcf676d3113f3da626a9cdea22a	1364	SMART	SM00369	LRR_typ_2	751	774	12.0	T	09-04-2022	IPR003591	Leucine-rich repeat, typical subtype
Pno11G004480.t1	f0bd2dcf676d3113f3da626a9cdea22a	1364	SMART	SM00369	LRR_typ_2	728	750	78.0	T	09-04-2022	IPR003591	Leucine-rich repeat, typical subtype
Pno11G004480.t1	f0bd2dcf676d3113f3da626a9cdea22a	1364	SMART	SM00369	LRR_typ_2	824	847	1.3	T	09-04-2022	IPR003591	Leucine-rich repeat, typical subtype
Pno11G004480.t1	f0bd2dcf676d3113f3da626a9cdea22a	1364	SMART	SM00369	LRR_typ_2	801	823	39.0	T	09-04-2022	IPR003591	Leucine-rich repeat, typical subtype
Pno11G004480.t1	f0bd2dcf676d3113f3da626a9cdea22a	1364	Pfam	PF13855	Leucine rich repeat	804	856	5.7E-7	T	09-04-2022	IPR001611	Leucine-rich repeat
Pno11G004480.t1	f0bd2dcf676d3113f3da626a9cdea22a	1364	Pfam	PF01582	TIR domain	20	201	1.6E-44	T	09-04-2022	IPR000157	Toll/interleukin-1 receptor homology (TIR) domain
Pno11G004480.t1	f0bd2dcf676d3113f3da626a9cdea22a	1364	Gene3D	G3DSA:3.40.50.300	-	187	350	7.2E-28	T	09-04-2022	IPR027417	P-loop containing nucleoside triphosphate hydrolase
Pno11G004480.t1	f0bd2dcf676d3113f3da626a9cdea22a	1364	Gene3D	G3DSA:3.40.50.10140	-	14	186	2.6E-65	T	09-04-2022	IPR035897	Toll/interleukin-1 receptor homology (TIR) domain superfamily
Pno05G003609.t1	3e440820e87a46995bd1f0f40dec19bd	947	PANTHER	PTHR23155:SF955	-	132	926	9.3E-202	T	09-04-2022	-	-
Pno05G003609.t1	3e440820e87a46995bd1f0f40dec19bd	947	Gene3D	G3DSA:1.10.8.430	-	339	416	1.2E-10	T	09-04-2022	IPR042197	Apoptotic protease-activating factors, helical domain
Pno05G003609.t1	3e440820e87a46995bd1f0f40dec19bd	947	SUPERFAMILY	SSF52540	P-loop containing nucleoside triphosphate hydrolases	178	429	5.32E-42	T	09-04-2022	IPR027417	P-loop containing nucleoside triphosphate hydrolase
Pno05G003609.t1	3e440820e87a46995bd1f0f40dec19bd	947	PANTHER	PTHR23155	DISEASE RESISTANCE PROTEIN RP	132	926	9.3E-202	T	09-04-2022	IPR044974	Disease resistance protein, plants
Pno05G003609.t1	3e440820e87a46995bd1f0f40dec19bd	947	SUPERFAMILY	SSF52058	L domain-like	614	920	1.45E-34	T	09-04-2022	-	-
Pno05G003609.t1	3e440820e87a46995bd1f0f40dec19bd	947	Pfam	PF00931	NB-ARC domain	186	426	3.1E-34	T	09-04-2022	IPR002182	NB-ARC
Pno05G003609.t1	3e440820e87a46995bd1f0f40dec19bd	947	Gene3D	G3DSA:1.10.10.10	-	417	507	1.9E-9	T	09-04-2022	IPR036388	Winged helix-like DNA-binding domain superfamily
Pno05G003609.t1	3e440820e87a46995bd1f0f40dec19bd	947	Gene3D	G3DSA:3.80.10.10	Ribonuclease Inhibitor	566	930	2.3E-36	T	09-04-2022	IPR032675	Leucine-rich repeat domain superfamily
Pno05G003609.t1	3e440820e87a46995bd1f0f40dec19bd	947	Coils	Coil	Coil	746	766	-	T	09-04-2022	-	-
Pno05G003609.t1	3e440820e87a46995bd1f0f40dec19bd	947	Pfam	PF13855	Leucine rich repeat	640	693	2.0E-6	T	09-04-2022	IPR001611	Leucine-rich repeat
Pno05G003609.t1	3e440820e87a46995bd1f0f40dec19bd	947	PRINTS	PR00364	Disease resistance protein signature	370	384	8.6E-11	T	09-04-2022	-	-
Pno05G003609.t1	3e440820e87a46995bd1f0f40dec19bd	947	PRINTS	PR00364	Disease resistance protein signature	279	293	8.6E-11	T	09-04-2022	-	-
Pno05G003609.t1	3e440820e87a46995bd1f0f40dec19bd	947	PRINTS	PR00364	Disease resistance protein signature	659	675	8.6E-11	T	09-04-2022	-	-
Pno05G003609.t1	3e440820e87a46995bd1f0f40dec19bd	947	PRINTS	PR00364	Disease resistance protein signature	200	215	8.6E-11	T	09-04-2022	-	-
Pno05G003609.t1	3e440820e87a46995bd1f0f40dec19bd	947	Gene3D	G3DSA:3.40.50.300	-	164	335	4.1E-24	T	09-04-2022	IPR027417	P-loop containing nucleoside triphosphate hydrolase
Pno01G007304.t1	7faa2586e9f8d1e18a244c59c50f514e	1316	SUPERFAMILY	SSF52058	L domain-like	635	1259	3.74E-40	T	09-04-2022	-	-
Pno01G007304.t1	7faa2586e9f8d1e18a244c59c50f514e	1316	Gene3D	G3DSA:3.80.10.10	Ribonuclease Inhibitor	797	906	3.7E-18	T	09-04-2022	IPR032675	Leucine-rich repeat domain superfamily
Pno01G007304.t1	7faa2586e9f8d1e18a244c59c50f514e	1316	Gene3D	G3DSA:3.80.10.10	Ribonuclease Inhibitor	377	463	9.1E-6	T	09-04-2022	IPR032675	Leucine-rich repeat domain superfamily
Pno01G007304.t1	7faa2586e9f8d1e18a244c59c50f514e	1316	Gene3D	G3DSA:3.40.50.300	-	1	160	9.9E-15	T	09-04-2022	IPR027417	P-loop containing nucleoside triphosphate hydrolase
Pno01G007304.t1	7faa2586e9f8d1e18a244c59c50f514e	1316	PANTHER	PTHR45752	LEUCINE-RICH REPEAT-CONTAINING	1009	1106	1.4E-143	T	09-04-2022	-	-
Pno01G007304.t1	7faa2586e9f8d1e18a244c59c50f514e	1316	PANTHER	PTHR45752:SF105	NB-ARC-RELATED	1209	1289	1.4E-143	T	09-04-2022	-	-
Pno01G007304.t1	7faa2586e9f8d1e18a244c59c50f514e	1316	PANTHER	PTHR45752:SF105	NB-ARC-RELATED	1009	1106	1.4E-143	T	09-04-2022	-	-
Pno01G007304.t1	7faa2586e9f8d1e18a244c59c50f514e	1316	Coils	Coil	Coil	80	100	-	T	09-04-2022	-	-
Pno01G007304.t1	7faa2586e9f8d1e18a244c59c50f514e	1316	SUPERFAMILY	SSF52540	P-loop containing nucleoside triphosphate hydrolases	14	258	8.82E-19	T	09-04-2022	IPR027417	P-loop containing nucleoside triphosphate hydrolase
Pno01G007304.t1	7faa2586e9f8d1e18a244c59c50f514e	1316	SMART	SM00369	LRR_typ_2	473	496	42.0	T	09-04-2022	IPR003591	Leucine-rich repeat, typical subtype
Pno01G007304.t1	7faa2586e9f8d1e18a244c59c50f514e	1316	SMART	SM00369	LRR_typ_2	797	820	330.0	T	09-04-2022	IPR003591	Leucine-rich repeat, typical subtype
Pno01G007304.t1	7faa2586e9f8d1e18a244c59c50f514e	1316	SMART	SM00369	LRR_typ_2	867	891	120.0	T	09-04-2022	IPR003591	Leucine-rich repeat, typical subtype
Pno01G007304.t1	7faa2586e9f8d1e18a244c59c50f514e	1316	SMART	SM00369	LRR_typ_2	448	472	240.0	T	09-04-2022	IPR003591	Leucine-rich repeat, typical subtype
Pno01G007304.t1	7faa2586e9f8d1e18a244c59c50f514e	1316	SMART	SM00369	LRR_typ_2	657	681	150.0	T	09-04-2022	IPR003591	Leucine-rich repeat, typical subtype
Pno01G007304.t1	7faa2586e9f8d1e18a244c59c50f514e	1316	SMART	SM00369	LRR_typ_2	682	707	130.0	T	09-04-2022	IPR003591	Leucine-rich repeat, typical subtype
Pno01G007304.t1	7faa2586e9f8d1e18a244c59c50f514e	1316	SMART	SM00369	LRR_typ_2	752	779	66.0	T	09-04-2022	IPR003591	Leucine-rich repeat, typical subtype
Pno01G007304.t1	7faa2586e9f8d1e18a244c59c50f514e	1316	SMART	SM00369	LRR_typ_2	614	637	41.0	T	09-04-2022	IPR003591	Leucine-rich repeat, typical subtype
Pno01G007304.t1	7faa2586e9f8d1e18a244c59c50f514e	1316	SMART	SM00369	LRR_typ_2	727	751	88.0	T	09-04-2022	IPR003591	Leucine-rich repeat, typical subtype
Pno01G007304.t1	7faa2586e9f8d1e18a244c59c50f514e	1316	SMART	SM00369	LRR_typ_2	589	613	230.0	T	09-04-2022	IPR003591	Leucine-rich repeat, typical subtype
Pno01G007304.t1	7faa2586e9f8d1e18a244c59c50f514e	1316	MobiDBLite	mobidb-lite	consensus disorder prediction	82	104	-	T	09-04-2022	-	-
Pno01G007304.t1	7faa2586e9f8d1e18a244c59c50f514e	1316	Gene3D	G3DSA:3.80.10.10	Ribonuclease Inhibitor	1061	1239	3.1E-15	T	09-04-2022	IPR032675	Leucine-rich repeat domain superfamily
Pno01G007304.t1	7faa2586e9f8d1e18a244c59c50f514e	1316	Gene3D	G3DSA:3.80.10.10	Ribonuclease Inhibitor	464	654	4.7E-30	T	09-04-2022	IPR032675	Leucine-rich repeat domain superfamily
Pno01G007304.t1	7faa2586e9f8d1e18a244c59c50f514e	1316	Gene3D	G3DSA:3.80.10.10	Ribonuclease Inhibitor	655	796	8.7E-25	T	09-04-2022	IPR032675	Leucine-rich repeat domain superfamily
Pno01G007304.t1	7faa2586e9f8d1e18a244c59c50f514e	1316	Pfam	PF13855	Leucine rich repeat	521	577	2.5E-6	T	09-04-2022	IPR001611	Leucine-rich repeat
Pno01G007304.t1	7faa2586e9f8d1e18a244c59c50f514e	1316	Pfam	PF13855	Leucine rich repeat	451	507	1.0E-8	T	09-04-2022	IPR001611	Leucine-rich repeat
Pno01G007304.t1	7faa2586e9f8d1e18a244c59c50f514e	1316	Pfam	PF13855	Leucine rich repeat	660	715	3.1E-8	T	09-04-2022	IPR001611	Leucine-rich repeat
Pno01G007304.t1	7faa2586e9f8d1e18a244c59c50f514e	1316	Pfam	PF00931	NB-ARC domain	11	124	5.9E-13	T	09-04-2022	IPR002182	NB-ARC
Pno01G007304.t1	7faa2586e9f8d1e18a244c59c50f514e	1316	SUPERFAMILY	SSF52058	L domain-like	392	648	7.94E-34	T	09-04-2022	-	-
Pno01G007304.t1	7faa2586e9f8d1e18a244c59c50f514e	1316	PRINTS	PR00364	Disease resistance protein signature	112	126	1.2E-8	T	09-04-2022	-	-
Pno01G007304.t1	7faa2586e9f8d1e18a244c59c50f514e	1316	PRINTS	PR00364	Disease resistance protein signature	587	603	1.2E-8	T	09-04-2022	-	-
Pno01G007304.t1	7faa2586e9f8d1e18a244c59c50f514e	1316	PRINTS	PR00364	Disease resistance protein signature	22	37	1.2E-8	T	09-04-2022	-	-
Pno01G007304.t1	7faa2586e9f8d1e18a244c59c50f514e	1316	PANTHER	PTHR45752:SF105	NB-ARC-RELATED	16	894	1.4E-143	T	09-04-2022	-	-
Pno01G007304.t1	7faa2586e9f8d1e18a244c59c50f514e	1316	PANTHER	PTHR45752	LEUCINE-RICH REPEAT-CONTAINING	1209	1289	1.4E-143	T	09-04-2022	-	-
Pno01G007304.t1	7faa2586e9f8d1e18a244c59c50f514e	1316	PANTHER	PTHR45752	LEUCINE-RICH REPEAT-CONTAINING	1127	1196	1.4E-143	T	09-04-2022	-	-
Pno01G007304.t1	7faa2586e9f8d1e18a244c59c50f514e	1316	MobiDBLite	mobidb-lite	consensus disorder prediction	82	105	-	T	09-04-2022	-	-
Pno01G007304.t1	7faa2586e9f8d1e18a244c59c50f514e	1316	PANTHER	PTHR45752	LEUCINE-RICH REPEAT-CONTAINING	16	894	1.4E-143	T	09-04-2022	-	-
Pno01G007304.t1	7faa2586e9f8d1e18a244c59c50f514e	1316	PANTHER	PTHR45752:SF105	NB-ARC-RELATED	1127	1196	1.4E-143	T	09-04-2022	-	-
Pno11G004641.t1	8523e639711bbd66d91fce78ce11fb17	1438	SUPERFAMILY	SSF52540	P-loop containing nucleoside triphosphate hydrolases	175	444	7.73E-56	T	09-04-2022	IPR027417	P-loop containing nucleoside triphosphate hydrolase
Pno11G004641.t1	8523e639711bbd66d91fce78ce11fb17	1438	SMART	SM00369	LRR_typ_2	794	816	39.0	T	09-04-2022	IPR003591	Leucine-rich repeat, typical subtype
Pno11G004641.t1	8523e639711bbd66d91fce78ce11fb17	1438	SMART	SM00369	LRR_typ_2	721	743	54.0	T	09-04-2022	IPR003591	Leucine-rich repeat, typical subtype
Pno11G004641.t1	8523e639711bbd66d91fce78ce11fb17	1438	SMART	SM00369	LRR_typ_2	744	767	23.0	T	09-04-2022	IPR003591	Leucine-rich repeat, typical subtype
Pno11G004641.t1	8523e639711bbd66d91fce78ce11fb17	1438	SMART	SM00369	LRR_typ_2	817	840	2.2	T	09-04-2022	IPR003591	Leucine-rich repeat, typical subtype
Pno11G004641.t1	8523e639711bbd66d91fce78ce11fb17	1438	SMART	SM00255	till_3	13	153	9.6E-44	T	09-04-2022	IPR000157	Toll/interleukin-1 receptor homology (TIR) domain
Pno11G004641.t1	8523e639711bbd66d91fce78ce11fb17	1438	ProSiteProfiles	PS50104	TIR domain profile.	12	179	33.413116	T	09-04-2022	IPR000157	Toll/interleukin-1 receptor homology (TIR) domain
Pno11G004641.t1	8523e639711bbd66d91fce78ce11fb17	1438	Gene3D	G3DSA:3.40.50.300	-	181	343	2.9E-27	T	09-04-2022	IPR027417	P-loop containing nucleoside triphosphate hydrolase
Pno11G004641.t1	8523e639711bbd66d91fce78ce11fb17	1438	Gene3D	G3DSA:3.40.50.10140	-	8	180	4.3E-64	T	09-04-2022	IPR035897	Toll/interleukin-1 receptor homology (TIR) domain superfamily
Pno11G004641.t1	8523e639711bbd66d91fce78ce11fb17	1438	Gene3D	G3DSA:1.10.8.430	-	351	434	5.0E-13	T	09-04-2022	IPR042197	Apoptotic protease-activating factors, helical domain
Pno11G004641.t1	8523e639711bbd66d91fce78ce11fb17	1438	PRINTS	PR00364	Disease resistance protein signature	214	229	3.0E-19	T	09-04-2022	-	-
Pno11G004641.t1	8523e639711bbd66d91fce78ce11fb17	1438	PRINTS	PR00364	Disease resistance protein signature	385	399	3.0E-19	T	09-04-2022	-	-
Pno11G004641.t1	8523e639711bbd66d91fce78ce11fb17	1438	PRINTS	PR00364	Disease resistance protein signature	838	854	3.0E-19	T	09-04-2022	-	-
Pno11G004641.t1	8523e639711bbd66d91fce78ce11fb17	1438	PRINTS	PR00364	Disease resistance protein signature	292	306	3.0E-19	T	09-04-2022	-	-
Pno11G004641.t1	8523e639711bbd66d91fce78ce11fb17	1438	Gene3D	G3DSA:3.80.10.10	Ribonuclease Inhibitor	534	884	5.2E-48	T	09-04-2022	IPR032675	Leucine-rich repeat domain superfamily
Pno11G004641.t1	8523e639711bbd66d91fce78ce11fb17	1438	Pfam	PF00931	NB-ARC domain	195	420	4.3E-24	T	09-04-2022	IPR002182	NB-ARC
Pno11G004641.t1	8523e639711bbd66d91fce78ce11fb17	1438	Pfam	PF05055	Protein of unknown function (DUF677)	1121	1429	3.3E-41	T	09-04-2022	IPR007749	Protein of unknown function DUF677
Pno11G004641.t1	8523e639711bbd66d91fce78ce11fb17	1438	ProSiteProfiles	PS51450	Leucine-rich repeat profile.	819	840	7.534839	T	09-04-2022	IPR001611	Leucine-rich repeat
Pno11G004641.t1	8523e639711bbd66d91fce78ce11fb17	1438	SUPERFAMILY	SSF52058	L domain-like	489	876	3.74E-46	T	09-04-2022	-	-
Pno11G004641.t1	8523e639711bbd66d91fce78ce11fb17	1438	SUPERFAMILY	SSF52200	Toll/Interleukin receptor TIR domain	4	155	3.4E-40	T	09-04-2022	IPR035897	Toll/interleukin-1 receptor homology (TIR) domain superfamily
Pno11G004641.t1	8523e639711bbd66d91fce78ce11fb17	1438	Pfam	PF13855	Leucine rich repeat	797	849	2.1E-7	T	09-04-2022	IPR001611	Leucine-rich repeat
Pno11G004641.t1	8523e639711bbd66d91fce78ce11fb17	1438	PANTHER	PTHR11017:SF243	RESISTANCE PROTEIN (TIR-NBS-LRR CLASS), PUTATIVE-RELATED	11	893	6.0E-173	T	09-04-2022	-	-
Pno11G004641.t1	8523e639711bbd66d91fce78ce11fb17	1438	PANTHER	PTHR11017	LEUCINE-RICH REPEAT-CONTAINING PROTEIN	11	893	6.0E-173	T	09-04-2022	IPR044974	Disease resistance protein, plants
Pno11G004641.t1	8523e639711bbd66d91fce78ce11fb17	1438	Pfam	PF01582	TIR domain	14	193	3.8E-42	T	09-04-2022	IPR000157	Toll/interleukin-1 receptor homology (TIR) domain
Pno09G000889.t1	4e00a0504a55ef373d5d179e1c3bd613	1274	ProSiteProfiles	PS51450	Leucine-rich repeat profile.	848	869	7.465533	T	09-04-2022	IPR001611	Leucine-rich repeat
Pno09G000889.t1	4e00a0504a55ef373d5d179e1c3bd613	1274	SUPERFAMILY	SSF52058	L domain-like	417	666	1.41E-31	T	09-04-2022	-	-
Pno09G000889.t1	4e00a0504a55ef373d5d179e1c3bd613	1274	SUPERFAMILY	SSF52540	P-loop containing nucleoside triphosphate hydrolases	22	244	8.13E-24	T	09-04-2022	IPR027417	P-loop containing nucleoside triphosphate hydrolase
Pno09G000889.t1	4e00a0504a55ef373d5d179e1c3bd613	1274	Pfam	PF13855	Leucine rich repeat	473	529	9.1E-7	T	09-04-2022	IPR001611	Leucine-rich repeat
Pno09G000889.t1	4e00a0504a55ef373d5d179e1c3bd613	1274	Pfam	PF13855	Leucine rich repeat	684	739	7.7E-9	T	09-04-2022	IPR001611	Leucine-rich repeat
Pno09G000889.t1	4e00a0504a55ef373d5d179e1c3bd613	1274	Gene3D	G3DSA:3.80.10.10	Ribonuclease Inhibitor	659	1008	2.8E-48	T	09-04-2022	IPR032675	Leucine-rich repeat domain superfamily
Pno09G000889.t1	4e00a0504a55ef373d5d179e1c3bd613	1274	Gene3D	G3DSA:3.80.10.10	Ribonuclease Inhibitor	565	658	8.8E-12	T	09-04-2022	IPR032675	Leucine-rich repeat domain superfamily
Pno09G000889.t1	4e00a0504a55ef373d5d179e1c3bd613	1274	PANTHER	PTHR45752:SF105	NB-ARC-RELATED	1166	1240	1.5E-153	T	09-04-2022	-	-
Pno09G000889.t1	4e00a0504a55ef373d5d179e1c3bd613	1274	PANTHER	PTHR45752:SF105	NB-ARC-RELATED	39	1135	1.5E-153	T	09-04-2022	-	-
Pno09G000889.t1	4e00a0504a55ef373d5d179e1c3bd613	1274	SMART	SM00369	LRR_typ_2	472	496	330.0	T	09-04-2022	IPR003591	Leucine-rich repeat, typical subtype
Pno09G000889.t1	4e00a0504a55ef373d5d179e1c3bd613	1274	SMART	SM00369	LRR_typ_2	638	661	0.07	T	09-04-2022	IPR003591	Leucine-rich repeat, typical subtype
Pno09G000889.t1	4e00a0504a55ef373d5d179e1c3bd613	1274	SMART	SM00369	LRR_typ_2	891	911	130.0	T	09-04-2022	IPR003591	Leucine-rich repeat, typical subtype
Pno09G000889.t1	4e00a0504a55ef373d5d179e1c3bd613	1274	SMART	SM00369	LRR_typ_2	706	729	310.0	T	09-04-2022	IPR003591	Leucine-rich repeat, typical subtype
Pno09G000889.t1	4e00a0504a55ef373d5d179e1c3bd613	1274	SMART	SM00369	LRR_typ_2	681	705	340.0	T	09-04-2022	IPR003591	Leucine-rich repeat, typical subtype
Pno09G000889.t1	4e00a0504a55ef373d5d179e1c3bd613	1274	SMART	SM00369	LRR_typ_2	751	775	54.0	T	09-04-2022	IPR003591	Leucine-rich repeat, typical subtype
Pno09G000889.t1	4e00a0504a55ef373d5d179e1c3bd613	1274	SMART	SM00369	LRR_typ_2	776	799	60.0	T	09-04-2022	IPR003591	Leucine-rich repeat, typical subtype
Pno09G000889.t1	4e00a0504a55ef373d5d179e1c3bd613	1274	SMART	SM00369	LRR_typ_2	846	868	39.0	T	09-04-2022	IPR003591	Leucine-rich repeat, typical subtype
Pno09G000889.t1	4e00a0504a55ef373d5d179e1c3bd613	1274	SMART	SM00369	LRR_typ_2	497	520	7.9	T	09-04-2022	IPR003591	Leucine-rich repeat, typical subtype
Pno09G000889.t1	4e00a0504a55ef373d5d179e1c3bd613	1274	Gene3D	G3DSA:3.40.50.300	-	12	189	8.0E-16	T	09-04-2022	IPR027417	P-loop containing nucleoside triphosphate hydrolase
Pno09G000889.t1	4e00a0504a55ef373d5d179e1c3bd613	1274	Gene3D	G3DSA:3.80.10.10	Ribonuclease Inhibitor	405	564	1.9E-18	T	09-04-2022	IPR032675	Leucine-rich repeat domain superfamily
Pno09G000889.t1	4e00a0504a55ef373d5d179e1c3bd613	1274	Gene3D	G3DSA:3.80.10.10	Ribonuclease Inhibitor	1076	1273	2.8E-15	T	09-04-2022	IPR032675	Leucine-rich repeat domain superfamily
Pno09G000889.t1	4e00a0504a55ef373d5d179e1c3bd613	1274	PRINTS	PR00364	Disease resistance protein signature	225	239	1.7E-10	T	09-04-2022	-	-
Pno09G000889.t1	4e00a0504a55ef373d5d179e1c3bd613	1274	PRINTS	PR00364	Disease resistance protein signature	749	765	1.7E-10	T	09-04-2022	-	-
Pno09G000889.t1	4e00a0504a55ef373d5d179e1c3bd613	1274	PRINTS	PR00364	Disease resistance protein signature	43	58	1.7E-10	T	09-04-2022	-	-
Pno09G000889.t1	4e00a0504a55ef373d5d179e1c3bd613	1274	PRINTS	PR00364	Disease resistance protein signature	134	148	1.7E-10	T	09-04-2022	-	-
Pno09G000889.t1	4e00a0504a55ef373d5d179e1c3bd613	1274	ProSiteProfiles	PS51450	Leucine-rich repeat profile.	708	729	7.011191	T	09-04-2022	IPR001611	Leucine-rich repeat
Pno09G000889.t1	4e00a0504a55ef373d5d179e1c3bd613	1274	PANTHER	PTHR45752	LEUCINE-RICH REPEAT-CONTAINING	1166	1240	1.5E-153	T	09-04-2022	-	-
Pno09G000889.t1	4e00a0504a55ef373d5d179e1c3bd613	1274	PANTHER	PTHR45752	LEUCINE-RICH REPEAT-CONTAINING	39	1135	1.5E-153	T	09-04-2022	-	-
Pno09G000889.t1	4e00a0504a55ef373d5d179e1c3bd613	1274	MobiDBLite	mobidb-lite	consensus disorder prediction	1	21	-	T	09-04-2022	-	-
Pno09G000889.t1	4e00a0504a55ef373d5d179e1c3bd613	1274	SUPERFAMILY	SSF52058	L domain-like	678	1244	2.38E-42	T	09-04-2022	-	-
Pno09G000889.t1	4e00a0504a55ef373d5d179e1c3bd613	1274	Pfam	PF00931	NB-ARC domain	27	266	1.6E-24	T	09-04-2022	IPR002182	NB-ARC
Pno12G009320.t1	3a100cfda374738e6ab79d18690fde49	1185	Coils	Coil	Coil	700	720	-	T	09-04-2022	-	-
Pno12G009320.t1	3a100cfda374738e6ab79d18690fde49	1185	SUPERFAMILY	SSF52047	RNI-like	886	1156	1.41E-32	T	09-04-2022	-	-
Pno12G009320.t1	3a100cfda374738e6ab79d18690fde49	1185	Gene3D	G3DSA:1.20.5.4130	-	10	126	1.2E-15	T	09-04-2022	-	-
Pno12G009320.t1	3a100cfda374738e6ab79d18690fde49	1185	Gene3D	G3DSA:1.10.10.10	-	416	507	7.2E-14	T	09-04-2022	IPR036388	Winged helix-like DNA-binding domain superfamily
Pno12G009320.t1	3a100cfda374738e6ab79d18690fde49	1185	Gene3D	G3DSA:3.80.10.10	Ribonuclease Inhibitor	1058	1166	2.8E-22	T	09-04-2022	IPR032675	Leucine-rich repeat domain superfamily
Pno12G009320.t1	3a100cfda374738e6ab79d18690fde49	1185	Gene3D	G3DSA:3.80.10.10	Ribonuclease Inhibitor	684	918	1.2E-22	T	09-04-2022	IPR032675	Leucine-rich repeat domain superfamily
Pno12G009320.t1	3a100cfda374738e6ab79d18690fde49	1185	Gene3D	G3DSA:3.80.10.10	Ribonuclease Inhibitor	527	679	2.4E-26	T	09-04-2022	IPR032675	Leucine-rich repeat domain superfamily
Pno12G009320.t1	3a100cfda374738e6ab79d18690fde49	1185	PRINTS	PR00364	Disease resistance protein signature	198	213	6.0E-20	T	09-04-2022	-	-
Pno12G009320.t1	3a100cfda374738e6ab79d18690fde49	1185	PRINTS	PR00364	Disease resistance protein signature	368	382	6.0E-20	T	09-04-2022	-	-
Pno12G009320.t1	3a100cfda374738e6ab79d18690fde49	1185	PRINTS	PR00364	Disease resistance protein signature	271	285	6.0E-20	T	09-04-2022	-	-
Pno12G009320.t1	3a100cfda374738e6ab79d18690fde49	1185	PRINTS	PR00364	Disease resistance protein signature	970	986	6.0E-20	T	09-04-2022	-	-
Pno12G009320.t1	3a100cfda374738e6ab79d18690fde49	1185	Gene3D	G3DSA:1.10.8.430	-	332	415	1.1E-11	T	09-04-2022	IPR042197	Apoptotic protease-activating factors, helical domain
Pno12G009320.t1	3a100cfda374738e6ab79d18690fde49	1185	Pfam	PF13855	Leucine rich repeat	576	630	2.5E-6	T	09-04-2022	IPR001611	Leucine-rich repeat
Pno12G009320.t1	3a100cfda374738e6ab79d18690fde49	1185	CDD	cd14798	RX-CC_like	28	128	5.27187E-8	T	09-04-2022	IPR038005	Virus X resistance protein-like, coiled-coil domain
Pno12G009320.t1	3a100cfda374738e6ab79d18690fde49	1185	SUPERFAMILY	SSF52058	L domain-like	496	931	7.48E-43	T	09-04-2022	-	-
Pno12G009320.t1	3a100cfda374738e6ab79d18690fde49	1185	Pfam	PF00931	NB-ARC domain	172	396	1.0E-47	T	09-04-2022	IPR002182	NB-ARC
Pno12G009320.t1	3a100cfda374738e6ab79d18690fde49	1185	PANTHER	PTHR23155:SF1113	OS01G0808000 PROTEIN	5	1088	1.5E-163	T	09-04-2022	-	-
Pno12G009320.t1	3a100cfda374738e6ab79d18690fde49	1185	Gene3D	G3DSA:3.80.10.10	Ribonuclease Inhibitor	934	1057	1.4E-9	T	09-04-2022	IPR032675	Leucine-rich repeat domain superfamily
Pno12G009320.t1	3a100cfda374738e6ab79d18690fde49	1185	Gene3D	G3DSA:3.40.50.300	-	155	328	2.3E-40	T	09-04-2022	IPR027417	P-loop containing nucleoside triphosphate hydrolase
Pno12G009320.t1	3a100cfda374738e6ab79d18690fde49	1185	Pfam	PF18052	Rx N-terminal domain	10	93	2.0E-19	T	09-04-2022	IPR041118	Rx, N-terminal
Pno12G009320.t1	3a100cfda374738e6ab79d18690fde49	1185	PANTHER	PTHR23155	DISEASE RESISTANCE PROTEIN RP	5	1088	1.5E-163	T	09-04-2022	IPR044974	Disease resistance protein, plants
Pno12G009320.t1	3a100cfda374738e6ab79d18690fde49	1185	SUPERFAMILY	SSF52540	P-loop containing nucleoside triphosphate hydrolases	158	431	7.94E-67	T	09-04-2022	IPR027417	P-loop containing nucleoside triphosphate hydrolase
Pno07G002908.t1	90cad3f93e6a8a0a164585e67e3627f6	1348	Pfam	PF00931	NB-ARC domain	212	435	7.4E-31	T	09-04-2022	IPR002182	NB-ARC
Pno07G002908.t1	90cad3f93e6a8a0a164585e67e3627f6	1348	Pfam	PF01582	TIR domain	16	195	4.8E-45	T	09-04-2022	IPR000157	Toll/interleukin-1 receptor homology (TIR) domain
Pno07G002908.t1	90cad3f93e6a8a0a164585e67e3627f6	1348	SUPERFAMILY	SSF52058	L domain-like	595	920	1.47E-34	T	09-04-2022	-	-
Pno07G002908.t1	90cad3f93e6a8a0a164585e67e3627f6	1348	SUPERFAMILY	SSF52200	Toll/Interleukin receptor TIR domain	8	166	1.31E-41	T	09-04-2022	IPR035897	Toll/interleukin-1 receptor homology (TIR) domain superfamily
Pno07G002908.t1	90cad3f93e6a8a0a164585e67e3627f6	1348	Gene3D	G3DSA:3.80.10.10	Ribonuclease Inhibitor	591	785	2.5E-24	T	09-04-2022	IPR032675	Leucine-rich repeat domain superfamily
Pno07G002908.t1	90cad3f93e6a8a0a164585e67e3627f6	1348	Gene3D	G3DSA:3.40.50.300	-	189	353	3.5E-29	T	09-04-2022	IPR027417	P-loop containing nucleoside triphosphate hydrolase
Pno07G002908.t1	90cad3f93e6a8a0a164585e67e3627f6	1348	Gene3D	G3DSA:3.40.50.10140	-	13	188	1.4E-67	T	09-04-2022	IPR035897	Toll/interleukin-1 receptor homology (TIR) domain superfamily
Pno07G002908.t1	90cad3f93e6a8a0a164585e67e3627f6	1348	SUPERFAMILY	SSF52540	P-loop containing nucleoside triphosphate hydrolases	194	448	5.74E-57	T	09-04-2022	IPR027417	P-loop containing nucleoside triphosphate hydrolase
Pno07G002908.t1	90cad3f93e6a8a0a164585e67e3627f6	1348	Gene3D	G3DSA:1.10.8.430	-	362	445	1.8E-15	T	09-04-2022	IPR042197	Apoptotic protease-activating factors, helical domain
Pno07G002908.t1	90cad3f93e6a8a0a164585e67e3627f6	1348	ProSiteProfiles	PS51450	Leucine-rich repeat profile.	828	849	8.043085	T	09-04-2022	IPR001611	Leucine-rich repeat
Pno07G002908.t1	90cad3f93e6a8a0a164585e67e3627f6	1348	ProSiteProfiles	PS50104	TIR domain profile.	14	192	38.248814	T	09-04-2022	IPR000157	Toll/interleukin-1 receptor homology (TIR) domain
Pno07G002908.t1	90cad3f93e6a8a0a164585e67e3627f6	1348	SMART	SM00255	till_3	15	164	1.2E-42	T	09-04-2022	IPR000157	Toll/interleukin-1 receptor homology (TIR) domain
Pno07G002908.t1	90cad3f93e6a8a0a164585e67e3627f6	1348	PRINTS	PR00364	Disease resistance protein signature	226	241	2.0E-20	T	09-04-2022	-	-
Pno07G002908.t1	90cad3f93e6a8a0a164585e67e3627f6	1348	PRINTS	PR00364	Disease resistance protein signature	303	317	2.0E-20	T	09-04-2022	-	-
Pno07G002908.t1	90cad3f93e6a8a0a164585e67e3627f6	1348	PRINTS	PR00364	Disease resistance protein signature	396	410	2.0E-20	T	09-04-2022	-	-
Pno07G002908.t1	90cad3f93e6a8a0a164585e67e3627f6	1348	PRINTS	PR00364	Disease resistance protein signature	721	737	2.0E-20	T	09-04-2022	-	-
Pno07G002908.t1	90cad3f93e6a8a0a164585e67e3627f6	1348	PANTHER	PTHR11017:SF303	TOLL/INTERLEUKIN-1 RECEPTOR (TIR) DOMAIN-CONTAINING PROTEIN-RELATED	12	963	1.5E-213	T	09-04-2022	-	-
Pno07G002908.t1	90cad3f93e6a8a0a164585e67e3627f6	1348	PANTHER	PTHR11017	LEUCINE-RICH REPEAT-CONTAINING PROTEIN	12	963	1.5E-213	T	09-04-2022	IPR044974	Disease resistance protein, plants
Pno07G002908.t1	90cad3f93e6a8a0a164585e67e3627f6	1348	Gene3D	G3DSA:3.80.10.10	Ribonuclease Inhibitor	795	902	2.1E-11	T	09-04-2022	IPR032675	Leucine-rich repeat domain superfamily
Pno07G002908.t1	90cad3f93e6a8a0a164585e67e3627f6	1348	SUPERFAMILY	SSF46785	"Winged helix" DNA-binding domain	432	537	1.52E-8	T	09-04-2022	IPR036390	Winged helix DNA-binding domain superfamily
Pno07G002908.t1	90cad3f93e6a8a0a164585e67e3627f6	1348	Pfam	PF13855	Leucine rich repeat	819	860	1.9E-6	T	09-04-2022	IPR001611	Leucine-rich repeat
Pno07G002962.t1	6d88a02c208e43172f909a5ce617d3e7	1390	ProSiteProfiles	PS50104	TIR domain profile.	1142	1287	29.737984	T	09-04-2022	IPR000157	Toll/interleukin-1 receptor homology (TIR) domain
Pno07G002962.t1	6d88a02c208e43172f909a5ce617d3e7	1390	Pfam	PF00931	NB-ARC domain	207	424	1.0E-26	T	09-04-2022	IPR002182	NB-ARC
Pno07G002962.t1	6d88a02c208e43172f909a5ce617d3e7	1390	SUPERFAMILY	SSF52058	L domain-like	606	910	4.53E-36	T	09-04-2022	-	-
Pno07G002962.t1	6d88a02c208e43172f909a5ce617d3e7	1390	PANTHER	PTHR11017:SF303	TOLL/INTERLEUKIN-1 RECEPTOR (TIR) DOMAIN-CONTAINING PROTEIN-RELATED	16	1061	6.3E-250	T	09-04-2022	-	-
Pno07G002962.t1	6d88a02c208e43172f909a5ce617d3e7	1390	SUPERFAMILY	SSF52540	P-loop containing nucleoside triphosphate hydrolases	192	453	2.13E-59	T	09-04-2022	IPR027417	P-loop containing nucleoside triphosphate hydrolase
Pno07G002962.t1	6d88a02c208e43172f909a5ce617d3e7	1390	Pfam	PF01582	TIR domain	1149	1270	2.3E-36	T	09-04-2022	IPR000157	Toll/interleukin-1 receptor homology (TIR) domain
Pno07G002962.t1	6d88a02c208e43172f909a5ce617d3e7	1390	Pfam	PF01582	TIR domain	18	194	2.4E-45	T	09-04-2022	IPR000157	Toll/interleukin-1 receptor homology (TIR) domain
Pno07G002962.t1	6d88a02c208e43172f909a5ce617d3e7	1390	Coils	Coil	Coil	1254	1274	-	T	09-04-2022	-	-
Pno07G002962.t1	6d88a02c208e43172f909a5ce617d3e7	1390	SUPERFAMILY	SSF46785	"Winged helix" DNA-binding domain	431	537	1.88E-6	T	09-04-2022	IPR036390	Winged helix DNA-binding domain superfamily
Pno07G002962.t1	6d88a02c208e43172f909a5ce617d3e7	1390	Gene3D	G3DSA:3.40.50.300	-	190	355	1.7E-30	T	09-04-2022	IPR027417	P-loop containing nucleoside triphosphate hydrolase
Pno07G002962.t1	6d88a02c208e43172f909a5ce617d3e7	1390	SUPERFAMILY	SSF52200	Toll/Interleukin receptor TIR domain	1150	1272	3.27E-32	T	09-04-2022	IPR035897	Toll/interleukin-1 receptor homology (TIR) domain superfamily
Pno07G002962.t1	6d88a02c208e43172f909a5ce617d3e7	1390	ProSiteProfiles	PS50104	TIR domain profile.	16	190	37.176903	T	09-04-2022	IPR000157	Toll/interleukin-1 receptor homology (TIR) domain
Pno07G002962.t1	6d88a02c208e43172f909a5ce617d3e7	1390	PANTHER	PTHR11017:SF303	TOLL/INTERLEUKIN-1 RECEPTOR (TIR) DOMAIN-CONTAINING PROTEIN-RELATED	1143	1299	6.3E-250	T	09-04-2022	-	-
Pno07G002962.t1	6d88a02c208e43172f909a5ce617d3e7	1390	Coils	Coil	Coil	127	147	-	T	09-04-2022	-	-
Pno07G002962.t1	6d88a02c208e43172f909a5ce617d3e7	1390	Pfam	PF13855	Leucine rich repeat	811	867	1.7E-6	T	09-04-2022	IPR001611	Leucine-rich repeat
Pno07G002962.t1	6d88a02c208e43172f909a5ce617d3e7	1390	Gene3D	G3DSA:3.80.10.10	Ribonuclease Inhibitor	600	792	1.6E-28	T	09-04-2022	IPR032675	Leucine-rich repeat domain superfamily
Pno07G002962.t1	6d88a02c208e43172f909a5ce617d3e7	1390	Gene3D	G3DSA:3.80.10.10	Ribonuclease Inhibitor	793	921	2.4E-11	T	09-04-2022	IPR032675	Leucine-rich repeat domain superfamily
Pno07G002962.t1	6d88a02c208e43172f909a5ce617d3e7	1390	PRINTS	PR00364	Disease resistance protein signature	224	239	5.5E-21	T	09-04-2022	-	-
Pno07G002962.t1	6d88a02c208e43172f909a5ce617d3e7	1390	PRINTS	PR00364	Disease resistance protein signature	394	408	5.5E-21	T	09-04-2022	-	-
Pno07G002962.t1	6d88a02c208e43172f909a5ce617d3e7	1390	PRINTS	PR00364	Disease resistance protein signature	301	315	5.5E-21	T	09-04-2022	-	-
Pno07G002962.t1	6d88a02c208e43172f909a5ce617d3e7	1390	PRINTS	PR00364	Disease resistance protein signature	728	744	5.5E-21	T	09-04-2022	-	-
Pno07G002962.t1	6d88a02c208e43172f909a5ce617d3e7	1390	Gene3D	G3DSA:1.10.8.430	-	359	443	2.9E-15	T	09-04-2022	IPR042197	Apoptotic protease-activating factors, helical domain
Pno07G002962.t1	6d88a02c208e43172f909a5ce617d3e7	1390	SUPERFAMILY	SSF52200	Toll/Interleukin receptor TIR domain	11	167	1.06E-41	T	09-04-2022	IPR035897	Toll/interleukin-1 receptor homology (TIR) domain superfamily
Pno07G002962.t1	6d88a02c208e43172f909a5ce617d3e7	1390	PANTHER	PTHR11017	LEUCINE-RICH REPEAT-CONTAINING PROTEIN	1143	1299	6.3E-250	T	09-04-2022	IPR044974	Disease resistance protein, plants
Pno07G002962.t1	6d88a02c208e43172f909a5ce617d3e7	1390	PANTHER	PTHR11017	LEUCINE-RICH REPEAT-CONTAINING PROTEIN	16	1061	6.3E-250	T	09-04-2022	IPR044974	Disease resistance protein, plants
Pno07G002962.t1	6d88a02c208e43172f909a5ce617d3e7	1390	SMART	SM00255	till_3	1147	1293	4.6E-30	T	09-04-2022	IPR000157	Toll/interleukin-1 receptor homology (TIR) domain
Pno07G002962.t1	6d88a02c208e43172f909a5ce617d3e7	1390	SMART	SM00255	till_3	17	165	1.3E-47	T	09-04-2022	IPR000157	Toll/interleukin-1 receptor homology (TIR) domain
Pno07G002962.t1	6d88a02c208e43172f909a5ce617d3e7	1390	Gene3D	G3DSA:3.40.50.10140	-	1148	1312	5.5E-49	T	09-04-2022	IPR035897	Toll/interleukin-1 receptor homology (TIR) domain superfamily
Pno07G002962.t1	6d88a02c208e43172f909a5ce617d3e7	1390	Gene3D	G3DSA:3.40.50.10140	-	16	189	2.8E-69	T	09-04-2022	IPR035897	Toll/interleukin-1 receptor homology (TIR) domain superfamily
